,연도,시설번호,시설명,주소,사용여부,면적,이용가능인원수,선풍기보유대수,에어컨보유대수,야간개방,휴일개방,숙박가능여부,위도,경도,도
0,2021,1,효창스위첸,서울특별시 용산구 백범로 275,Y,92,25,3,1,N,N,N,37.540245,126.9600453,서울특별시
1,2021,1,래미안힐스테이트고덕(여),서울특별시 강동구 아리수로50길 50,Y,307,48,0,2,N,N,N,37.5576884,127.148601,서울특별시
2,2021,1,래미안힐스테이트고덕(남),서울특별시 강동구 아리수로50길 50,Y,323,35,0,2,N,N,N,37.5576884,127.148601,서울특별시
3,2021,1,천호삼성아파트(할아버지)경로,서울특별시 강동구 성안로25길 6,Y,23,36,2,1,N,N,N,37.5383011,127.1347902,서울특별시
4,2021,1,신성둔촌미소지움2차A,"서울특별시 강동구 명일로 102 , 102-215 (둔촌동, 신성둔촌미소지움)",Y,123,25,2,2,N,N,N,37.5276458,127.1425455,서울특별시
5,2021,1,신성둔촌미소지움1차A,"서울특별시 강동구 진황도로 212 , 202-104 (둔촌동, 신성둔촌미소지움)",Y,36,20,2,2,N,N,N,37.5272087,127.143332,서울특별시
6,2021,1,상암경로문화센터,서울특별시 마포구 월드컵북로50길 7-5,Y,317,79,6,4,N,N,N,37.577058,126.893277,서울특별시
7,2021,1,만수(목동현대@107~108,"서울특별시 양천구 목동 목동동로12길 59 , 관리실,노인정 (목동, 목동현대아파트)",Y,143,40,3,2,N,N,N,37.5262389,126.8785443,서울특별시
8,2021,1,신정대성유니드아파트(1차),"서울특별시 양천구 신정동 중앙로29길 102 , 경로당 (신정동, 신정대성유니드아파트)",Y,77,20,4,2,N,N,N,37.5232107,126.8498004,서울특별시
9,2021,1,신정대성유니드아파트(2차),서울특별시 양천구 중앙로29길 108,Y,89,22,2,1,N,N,N,37.5238487,126.8492249,서울특별시
10,2021,1,목동2차우성아파트 우정(2단,"서울특별시 양천구 신정동 목동남로4길 6-23, 경로당 (신정동, 목동2차우성아파트)",Y,61,20,3,1,N,N,N,37.5093607,126.8654711,서울특별시
11,2021,1,목동2차우성(아)2단지 경로,"서울특별시 양천구 신정동 목동남로4길 6-23, 경로당 (신정동, 목동2차우성아파트)",Y,100,29,5,1,N,N,N,37.510354,126.8658361,서울특별시
12,2021,1,목동2차우성(아)1단지 경로,"서울특별시 양천구 신정동 목동남로4길 6-46, 경로당 (신정동, 목동2차우성아파트)",Y,144,59,4,1,N,N,N,37.5093607,126.8654711,서울특별시
13,2021,1,목동2차삼성래미안 2단지 경,"서울특별시 양천구 신정동 목동남로4길 81 , 경로당 (신정동, 목동2차삼성래미안아파트)",Y,73,27,3,1,N,N,N,37.5127982,126.8686006,서울특별시
14,2021,1,목동2차삼성래미안 1단지 경,"서울특별시 양천구 신정동 목동남로4길 81 , 경로당 (신정동, 목동2차삼성래미안아파트)",Y,32,28,2,1,N,N,N,37.5127982,126.8686006,서울특별시
15,2021,1,대림아크로빌,서울특별시 양천구 목동서로 401,Y,52,28,3,1,N,N,N,37.515377,126.85951,서울특별시
16,2021,1,중동청구(아)아파트,서울특별시 마포구 성암로11길 60,Y,73,22,5,1,N,N,N,37.5743315,126.9019968,서울특별시
17,2021,1,성산시영(아)아파트,서울특별시 마포구 월드컵북로 235,Y,185,56,3,1,N,N,N,37.5690196,126.9028521,서울특별시
18,2021,2,잠실종합사회복지관,서울특별시 송파구 올림픽로12길 12,Y,1438,20,1,5,,,,37.5105107,127.08267,서울특별시
19,2021,2,송파복지센터,서울특별시 송파구 장지동 충민로 184 (장지동),Y,7150,30,0,1,,,,37.4857841,127.1341622,서울특별시
20,2021,2,마천종합사회복지관,서울특별시 송파구 마천동 마천로65길 4 (마천동),Y,1107,50,20,25,,,,37.4917657,127.1556394,서울특별시
21,2021,2,인성장애인복지관,서울특별시 송파구 마천동 마천로61길 26 (마천동),Y,1383,50,0,1,,,,37.4938963,127.1551825,서울특별시
22,2021,2,풍납종합사회복지관,서울특별시 송파구 풍납동 강동대로3길 5 (풍납동),Y,1923,50,0,1,,,,37.5277274,127.113851,서울특별시
23,2021,2,실벗뜨락,서울특별시 송파구 백제고분로42길 5,Y,2571,263,25,32,,,,37.505925,127.109684,서울특별시
24,2021,2,송파종합사회복지관,서울특별시 송파구 거여동 오금로51길 34 (거여동),Y,819,50,2,1,,,,37.5010498,127.1425751,서울특별시
25,2021,2,송파노인종합복지관,서울특별시 송파구 삼전동 백제고분로32길 41 (삼전동),Y,4902,100,3,1,,,,37.4986355,127.0949055,서울특별시
26,2021,2,삼전종합사회복지관,"서울특별시 송파구 삼전동 백제고분로32길 35 , 삼전종합사회복지관 (삼전동)",Y,1533,50,0,1,,Y,,37.4991824,127.0950451,서울특별시
27,2021,2,서울시각장애인복지관,서울특별시 송파구 삼학사로19길 27,Y,1942,100,2,5,,,,37.5061101,127.0940831,서울특별시
28,2021,2,가락종합사회복지관,서울특별시 송파구 양재대로 897,Y,1841,100,13,25,,,,37.4957218,127.1072479,서울특별시
29,2021,2,성동종합사회복지관,"서울특별시 성동구 청계천로 506 , 성동종합사회복지관 (마장동)",Y,5468,15,6,6,N,N,N,37.5703644,127.033643,서울특별시
30,2021,2,사근동노인복지센터,서울특별시 성동구 사근동길 37,Y,552,8,4,5,N,N,N,37.561498,127.045311,서울특별시
31,2021,2,옥수종합사회복지관,서울특별시 성동구 한림말길 16-5,Y,3074,10,10,13,N,N,N,37.540443,127.012731,서울특별시
32,2021,2,성수종합사회복지관,서울특별시 성동구 뚝섬로1길 43,Y,1761,15,10,5,N,N,N,37.5454026,127.046951,서울특별시
33,2021,2,갈월종합사회복지관,서울특별시 용산구 두텁바위로 25,Y,115,17,1,1,N,N,N,37.5457796,126.9747859,서울특별시
34,2021,2,구립청파노인복지센터,서울특별시 용산구 청파로83길 26,Y,290,50,2,1,N,N,N,37.5519748,126.967693,서울특별시
35,2021,2,효창종합사회복지관,서울특별시 용산구 효창원로 146-12,Y,49,10,2,1,N,N,N,37.5412335,126.962956,서울특별시
36,2021,2,시립용산노인종합복지관,서울특별시 용산구 독서당로11길 16,Y,151,22,0,1,N,N,N,37.531341,127.0064579,서울특별시
37,2021,2,금천한내어르신복지센터,서울특별시 금천구 독산동 한내로 69-15 (독산동),Y,150,30,2,3,,Y,,37.4568855,126.886853,서울특별시
38,2021,2,금천장애인종합복지관,서울특별시 금천구 시흥대로101길 17,Y,617,30,0,1,,,,37.4639875,126.8962768,서울특별시
39,2021,2,금천호암노인종합복지관,서울특별시 금천구 독산로72길 86-5,Y,779,30,3,1,,Y,,37.4695383,126.906447,서울특별시
40,2021,2,금천노인종합복지관,서울특별시 금천구 시흥대로51길 93-32,Y,90,40,1,1,,,,37.450152,126.8977809,서울특별시
41,2021,2,청담종합사회복지관,서울특별시 금천구 시흥동 금하로29길 36 (시흥동),Y,243,40,1,2,N,Y,N,37.4516789,126.9136438,서울특별시
42,2021,2,창동종합사회복지관,서울특별시 도봉구 덕릉로 329,Y,355,80,4,1,,Y,,37.6448276,127.0455373,서울특별시
43,2021,2,창동 어르신복지관,서울특별시 도봉구 덕릉로60차길 6 (창동),Y,196,100,5,1,,,,37.6367619,127.0413596,서울특별시
44,2021,2,도봉동 어르신복지관,서울특별시 도봉구 도봉로169가길 52,Y,1125,100,0,1,,,,37.6821275,127.0436106,서울특별시
45,2021,2,도봉서원종합사회복지관,서울특별시 도봉구 마들로 668 (도봉동),Y,3582,200,30,1,,,,37.6697378,127.0465185,서울특별시
46,2021,2,도봉장애인종합복지관,서울특별시 도봉구 마들로 664-23,Y,176,43,10,2,N,N,N,37.6693567,127.0476309,서울특별시
47,2021,2,쌍문동 어르신복지관,서울특별시 도봉구 우이천로 363 (쌍문동),Y,1145,100,9,2,,,,37.6482366,127.0238026,서울특별시
48,2021,2,도봉노인종합복지관,서울특별시 도봉구 도당로2길 12-13 (쌍문동),Y,2757,250,26,19,N,N,N,37.6588951,127.0359864,서울특별시
49,2021,2,방아골종합사회복지관,서울특별시 도봉구 시루봉로17길 42 (방학동),Y,3217,200,10,15,,Y,,37.6693546,127.0327008,서울특별시
50,2021,2,방학동 어르신복지관,서울특별시 도봉구 시루봉로15라길 59-9 (방학동),Y,688,100,13,16,,,,37.6705812,127.0322121,서울특별시
51,2021,2,아름다운지역아동센터,"서울특별시 강동구 아리수로94길 19 (강일동, 강일리버파크)",Y,110,27,2,2,N,N,N,37.5640839,127.1761462,서울특별시
52,2021,2,한국시각장애인복지관,서울특별시 강동구 구천면로 645,Y,1431,30,0,4,N,N,N,37.5510417,127.169246,서울특별시
53,2021,2,시립강동노인종합복지관,서울특별시 강동구 동남로71길 32-5,Y,4103,30,3,3,Y,Y,Y,37.552301,127.154337,서울특별시
54,2021,2,서울장애인종합복지관,서울특별시 강동구 고덕로 201,Y,0,30,0,4,N,N,N,37.5558075,127.1482717,서울특별시
55,2021,2,돋움지역아동센터,서울특별시 강동구 동남로81길 82 (고덕동),Y,105,26,4,2,N,N,N,37.5590565,127.1525288,서울특별시
56,2021,2,성가정노인종합복지관,서울특별시 강동구 양재대로156길 28,Y,776,30,3,2,Y,Y,Y,37.556065,127.146507,서울특별시
57,2021,2,강일지역아동센터,서울특별시 강동구 구천면로100길 23,Y,90,22,4,2,,,,37.5615767,127.1702357,서울특별시
58,2021,2,숲과나무지역아동센터,서울특별시 강동구 올림픽로98길 25 (암사동),Y,162,40,7,6,N,N,N,37.551029,127.129612,서울특별시
59,2021,2,암사꿈나무지역아동센터,서울특별시 강동구 상암로 89 (암사동),Y,127,31,4,3,N,N,N,37.5479402,127.1329653,서울특별시
60,2021,2,암사지역아동센터,"서울특별시 강동구 고덕로27길 28 , 상가 (암사동)",Y,89,22,2,1,N,N,N,37.5559425,127.1380452,서울특별시
61,2021,2,강동꿈나무지역아동센터,서울특별시 강동구 올림픽로89길 27-30,Y,94,23,4,4,N,N,N,37.5467969,127.1238335,서울특별시
62,2021,2,들꽃청소년지역아동센터,서울특별시 강동구 천중로 39 (천호동),Y,146,36,7,6,N,N,N,37.5455292,127.1264069,서울특별시
63,2021,2,구립해공노인복지관,서울특별시 강동구 천중로17길 42-16,Y,598,30,2,2,Y,Y,Y,37.546181,127.131727,서울특별시
64,2021,2,강동종합사회복지관,서울특별시 강동구 양재대로 1458,Y,400,30,2,3,,Y,,37.539859,127.129787,서울특별시
65,2021,2,성내종합사회복지관,서울특별시 강동구 성안로13길 56,Y,450,30,2,2,N,Y,N,37.532179,127.129321,서울특별시
66,2021,2,나래지역아동센터,서울특별시 강동구 양재대로126길 54,Y,83,20,4,3,N,N,N,37.5433414,127.1453046,서울특별시
67,2021,2,길동지역아동센터,서울특별시 강동구 천호대로187길 30,Y,93,23,2,2,N,N,N,37.5356248,127.1427236,서울특별시
68,2021,2,제일강동지역아동센터,서울특별시 강동구 양재대로128길 53,Y,88,21,7,3,N,N,N,37.544649,127.1458322,서울특별시
69,2021,2,배움터지역아동센터,서울특별시 강동구 성안로 188,Y,92,22,4,2,N,N,N,37.5397297,127.1366485,서울특별시
70,2021,2,서울중심지역아동센터,"서울특별시 강동구 천호대로162길 34 (성내동, 이안강동)",Y,232,58,5,2,N,N,N,37.5355769,127.1279515,서울특별시
71,2021,2,구세군강북종합사회복지관,서울특별시 강북구 인수봉로20가길 24,Y,80,60,2,1,,,,37.6257196,127.0133722,서울특별시
72,2021,2,관악노인종합복지관,서울특별시 관악구 보라매로 35 (봉천동),Y,424,106,0,2,N,N,N,37.4930418,126.9263312,서울특별시
73,2021,2,강감찬관악종합사회복지관,서울특별시 관악구 양녕로 70,Y,24,6,0,1,N,Y,N,37.488169,126.9465844,서울특별시
74,2021,2,봉천종합사회복지관,서울특별시 관악구 관악로 254 (봉천동),Y,140,20,0,3,N,N,N,37.4866852,126.9575763,서울특별시
75,2021,2,관악구장애인종합복지관,서울특별시 관악구 남부순환로 1914,Y,64,7,0,1,N,N,N,37.4774484,126.9618457,서울특별시
76,2021,2,중앙사회복지관,서울특별시 관악구 봉천로41길 33 (봉천동),Y,66,17,0,1,N,Y,N,37.4843604,126.948071,서울특별시
77,2021,2,우리마포복지관,서울특별시 마포구 신촌로26길 10,Y,260,39,1,2,N,N,N,37.5558271,126.9427347,서울특별시
78,2021,2,신림종합사회복지관,서울특별시 관악구 난곡로 110 (신림동),Y,400,50,6,6,N,Y,N,37.464836,126.9198616,서울특별시
79,2021,2,시립마포노인종합복지관,서울특별시 마포구 서강로 68,Y,615,120,6,2,N,N,N,37.54888,126.932185,서울특별시
80,2021,2,성민종합복지관,서울특별시 관악구 호암로 549,Y,156,36,5,2,N,Y,N,37.4667893,126.9312403,서울특별시
81,2021,2,강북장애인복지관,서울특별시 강북구 오현로 189,Y,194,50,1,7,,,,37.628728,127.039048,서울특별시
82,2021,2,번동5단지 종합사회복지관,서울특별시 강북구 한천로115길 20,Y,198,50,0,3,,,,37.633417,127.03597,서울특별시
83,2021,2,번동2단지 노인종합복지관,서울특별시 강북구 한천로105길 24,Y,156,20,3,2,,,,37.626401,127.045445,서울특별시
84,2021,2,번동3단지 노인종합복지관,서울특별시 강북구 오현로 208,Y,372,30,3,2,,,,37.628974,127.041617,서울특별시
85,2021,2,강북노인복지관(감로다실),서울특별시 강북구 삼양로92길 40,Y,150,40,6,3,,,,37.635661,127.018735,서울특별시
86,2021,2,동대문장애인종합복지관,서울특별시 동대문구 청계천로 521,Y,27,10,1,1,,,,37.571805,127.034109,서울특별시
87,2021,2,동대문종합사회복지관,서울특별시 동대문구 약령시로5길 22,Y,7464,10,0,4,N,N,N,37.5840579,127.0341177,서울특별시
88,2021,2,신당종합사회복지관,서울특별시 중구 동호로11길 22,Y,97,50,0,4,,,,37.5544522,127.0095547,서울특별시
89,2021,2,유락종합사회복지관,서울특별시 중구 퇴계로 460,Y,76,30,0,2,,,,37.5651315,127.022827,서울특별시
90,2021,2,중림종합사회복지관,서울특별시 중구 서소문로6길 16,Y,30,30,1,3,,,,37.5594606,126.9660708,서울특별시
91,2021,2,장안종합사회복지관,서울특별시 동대문구 한천로18길 48,Y,1998,25,2,3,N,N,N,37.5679618,127.0661585,서울특별시
92,2021,2,시립동대문노인종합복지관,서울특별시 동대문구 제기로33길 25,Y,96,25,2,2,,Y,,37.587182,127.049906,서울특별시
93,2021,2,우리사랑복지원,서울특별시 동대문구 이문로 34,Y,160,50,1,1,N,N,N,37.591793,127.060937,서울특별시
94,2021,2,정릉종합사회복지관,서울특별시 성북구 솔샘로5길 92,Y,1599,402,16,32,N,N,N,37.6112518,127.0011384,서울특별시
95,2021,2,길음종합사회복지관,서울특별시 성북구 삼양로8가길 32,Y,1756,967,1,22,N,N,N,37.6087686,127.0247485,서울특별시
96,2021,2,성북장애인종합복지관,서울특별시 성북구 화랑로 130,Y,2460,260,30,69,N,N,N,37.6045777,127.0457846,서울특별시
97,2021,2,상월곡실버복지센터,서울특별시 성북구 화랑로18길 6,Y,576,80,10,3,N,N,N,37.605864,127.0480919,서울특별시
98,2021,2,장위종합사회복지관,서울특별시 성북구 돌곶이로22길 47,Y,116,290,4,6,N,N,N,37.610673,127.060477,서울특별시
99,2021,2,석관실버복지센터,서울특별시 성북구 화랑로32길 88,Y,478,200,11,11,N,N,N,37.6066924,127.0582638,서울특별시
100,2021,2,한천마을공동체,서울특별시 성북구 한천로 550,Y,50,5,2,1,,,,37.6092786,127.0645162,서울특별시
101,2021,2,월곡종합사회복지관,서울특별시 성북구 오패산로16길 23,Y,2015,700,15,32,,,,37.608929,127.037481,서울특별시
102,2021,2,삼선실버복지센터,서울특별시 성북구 삼선교로18길 41,Y,200,542,2,4,N,N,N,37.589148,127.014055,서울특별시
103,2021,2,성북시각장애인복지관,서울특별시 성북구 동소문로25가길 20,Y,555,191,2,1,N,N,N,37.5955074,127.0193775,서울특별시
104,2021,2,정릉실버복지센터,서울특별시 성북구 솔샘로 8,Y,814,203,21,4,N,N,N,37.608211,127.0045422,서울특별시
105,2021,2,중랑노인종합복지관,서울특별시 중랑구 겸재로9길 45,Y,672,220,20,3,N,N,N,37.5884476,127.0778558,서울특별시
106,2021,2,면목종합사회복지관,서울특별시 중랑구 용마산로 228,Y,364,120,13,5,N,N,N,37.5736598,127.087931,서울특별시
107,2021,2,신내종합사회복지관,서울특별시 중랑구 봉화산로 153,Y,160,50,6,6,N,N,N,37.6050418,127.0910859,서울특별시
108,2021,2,유린원광사회복지관,서울특별시 중랑구 신내로 56,Y,200,63,2,1,N,N,N,37.6043817,127.0959406,서울특별시
109,2021,2,시립대종합사회복지관,서울특별시 중랑구 신내로 115,Y,120,37,2,1,N,N,N,37.608957,127.0947384,서울특별시
110,2021,2,신내노인종합복지관,서울특별시 중랑구 신내로15길 175,Y,60,18,6,1,N,N,N,37.6149194,127.0878397,서울특별시
111,2021,2,월계어르신복지센터,서울특별시 노원구 월계로42길 9,Y,120,10,1,1,N,Y,N,37.624304,127.0508007,서울특별시
112,2021,2,월계종합사회복지관,서울특별시 노원구 초안산로1길 51,Y,120,10,1,1,N,N,N,37.6281346,127.0516408,서울특별시
113,2021,2,노원1종합사회복지관,서울특별시 노원구 월계로 372,Y,120,10,1,1,N,Y,N,37.6301355,127.0604968,서울특별시
114,2021,2,공릉종합사회복지관,서울특별시 노원구 동일로 1127,Y,120,10,1,1,N,Y,N,37.6301652,127.0699578,서울특별시
115,2021,2,하계종합사회복지관,서울특별시 노원구 노원로16길 15,Y,120,10,1,1,N,N,N,37.6427962,127.0752237,서울특별시
116,2021,2,시립노원노인종합복지관,서울특별시 노원구 노원로16길 15,Y,120,10,1,1,N,N,N,37.6429688,127.0740412,서울특별시
117,2021,2,중계종합사회복지관,서울특별시 노원구 덕릉로 662,Y,120,10,1,1,N,N,N,37.656687,127.0755297,서울특별시
118,2021,2,평화종합사회복지관,서울특별시 노원구 노원로 331,Y,120,10,1,1,N,N,N,37.6465478,127.0695071,서울특별시
119,2021,2,마들종합사회복지관,서울특별시 노원구 동일로210길 22,Y,120,10,1,1,N,N,N,37.6468961,127.0649967,서울특별시
120,2021,2,북부종합사회복지관,서울특별시 노원구 동일로245길 56,Y,120,10,1,1,N,N,N,37.679688,127.052185,서울특별시
121,2021,2,상계종합사회복지관,서울특별시 노원구 덕릉로115나길 25,Y,120,10,1,1,N,N,N,37.6678843,127.0783852,서울특별시
122,2021,2,논현노인종합사회복지관,서울특별시 강남구 강남대로128길 59 (논현동),Y,1631,20,2,1,N,N,N,37.5120356,127.0260558,서울특별시
123,2021,2,강남노인종합복지관,서울특별시 강남구 삼성로 628 (삼성동),Y,54,24,0,2,N,N,N,37.515843,127.052092,서울특별시
124,2021,2,대청종합사회복지관,서울특별시 강남구 양재대로55길 10 (일원동),Y,1184,30,2,4,N,N,N,37.493193,127.091393,서울특별시
125,2021,2,강남종합사회복지관,서울특별시 강남구 개포로109길 5 (개포동),Y,2131,12,3,1,N,N,N,37.4923312,127.0745908,서울특별시
126,2021,2,능인종합사회복지관,서울특별시 강남구 양재대로 340 (개포동),Y,223,40,0,2,N,N,N,37.4716775,127.052594,서울특별시
127,2021,2,수서명화종합사회복지관,서울특별시 강남구 광평로51길 49 (수서동),Y,3228,40,4,2,N,N,N,37.4914325,127.1005637,서울특별시
128,2021,2,태화기독교사회복지관,서울특별시 강남구 광평로 185 (수서동),Y,29,25,1,1,N,N,N,37.4848287,127.0933976,서울특별시
129,2021,2,수서종합사회복지관,서울특별시 강남구 광평로56길 11,Y,60,30,2,2,N,N,N,37.4871752,127.1049528,서울특별시
130,2021,2,화원종합사회복지관,서울특별시 구로구 벚꽃로 484,Y,3490,30,2,1,Y,Y,N,37.497308,126.880124,서울특별시
131,2021,2,구로종합사회복지관,서울특별시 구로구 디지털로31길 93,Y,3245,30,1,1,Y,Y,N,37.486794,126.890808,서울특별시
132,2021,2,구로노인종합복지관,서울특별시 구로구 구로중앙로32가길 22,Y,2799,30,0,1,Y,Y,N,37.500111,126.885035,서울특별시
133,2021,2,궁동종합사회복지관,서울특별시 구로구 오리로22길 5,Y,3293,30,32,13,Y,Y,N,37.4990453,126.8296042,서울특별시
134,2021,2,온수어르신복지관,서울특별시 구로구 부일로9길 111,Y,2519,30,0,1,Y,Y,N,37.4966547,126.8237134,서울특별시
135,2021,2,홀트강동복지관,서울특별시 강동구 아리수로93길 41,Y,71,10,1,5,N,N,N,37.566285,127.173224,서울특별시
136,2021,2,성수1가2동노인복지센터,서울특별시 성동구 왕십리로5길 3,Y,321,15,0,9,N,N,N,37.5462344,127.0443268,서울특별시
137,2021,2,왕십리도선동노인복지센터,서울특별시 성동구 마장로 141,Y,515,9,5,10,N,N,N,37.567814,127.0254342,서울특별시
138,2021,2,성북노인종합복지관,서울특별시 성북구 종암로15길 10,Y,2595,648,2,2,N,N,N,37.5977879,127.0343942,서울특별시
139,2021,2,목동종합사회복지관,"서울특별시 양천구 목동 목동중앙북로8길 104 , 경로당 (목동)",Y,800,30,2,1,N,N,N,37.5470306,126.8671316,서울특별시
140,2021,2,목동실버복지문화센터,서울특별시 양천구 목동중앙로3길 21,Y,83,20,4,2,N,N,N,37.536464,126.8692682,서울특별시
141,2021,2,신월종합사회복지관,서울특별시 양천구 신월로24길 19,Y,600,120,3,3,N,N,N,37.5200323,126.8473652,서울특별시
142,2021,2,서서울어르신복지관,서울특별시 양천구 가로공원로 101,Y,4,30,3,2,N,N,N,37.5341715,126.8264655,서울특별시
143,2021,2,밝은내어르신복지센터,서울특별시 양천구 신월로24길 19,Y,766,30,0,3,N,N,N,37.5200323,126.8473652,서울특별시
144,2021,2,한빛종합사회복지관,"서울특별시 양천구 신월동 신월로11길 16 , 한빛종합사회복지관 (신월동)",Y,620,20,1,1,N,N,N,37.5218263,126.8409517,서울특별시
145,2021,2,신목종합사회복지관,"서울특별시 양천구 신정동 신목로 5 , 종합사회복지관 (신정동)",Y,350,50,2,2,N,N,N,37.5199752,126.8771916,서울특별시
146,2021,2,신정종합사회복지관,"서울특별시 양천구 신정동 신정중앙로 80 , 경로당 (신정동)",Y,324,81,5,4,N,N,N,37.5291964,126.8611928,서울특별시
147,2021,2,양천해누리복지관(구 양천장애인종합복지관),서울특별시 양천구 목동동로 159,Y,540,20,4,2,N,N,N,37.5177491,126.8719635,서울특별시
148,2021,2,양천어르신종합복지관,서울특별시 양천구 목동로3길 106,Y,70,18,2,3,N,N,N,37.5090799,126.8653211,서울특별시
149,2021,2,마포장애인종합복지관,서울특별시 마포구 성산로4길 35,Y,162,49,1,2,N,N,N,37.5636712,126.9087459,서울특별시
150,2021,2,서대문노인종합복지관,"서울특별시 서대문구 독립문로8길 57 , 시립서대문노인종합복지관 (천연동)",Y,3403,31,4,3,N,N,N,37.5679875,126.9591196,서울특별시
151,2021,2,이화여자대학교 종합사회복지관,서울특별시 서대문구 북아현로19길 58-21,Y,1201,30,0,10,N,N,N,37.5638461,126.9506432,서울특별시
152,2021,2,서대문장애인종합복지관,서울특별시 서대문구 북아현로 24,Y,1257,30,0,10,N,N,N,37.5595004,126.9570582,서울특별시
153,2021,2,홍은종합사회복지관,서울특별시 서대문구 세검정로1길 116,Y,560,20,0,10,N,N,N,37.5953582,126.9464778,서울특별시
154,2021,2,서대문종합사회복지관,"서울특별시 서대문구 모래내로 177 , 서대문종합사회복지관 (남가좌동)",Y,165,30,0,2,N,N,N,37.5742115,126.920794,서울특별시
155,2021,2,시립서대문농아인복지관,"서울특별시 서대문구 수색로4가길 23 , 시립서대문농아인복지관 (남가좌동)",Y,66,30,10,5,N,N,N,37.5734426,126.9145195,서울특별시
156,2021,2,금천누리종합사회복지관,서울특별시 금천구 가산로 129,Y,40,20,1,1,N,N,N,37.4768451,126.8917582,서울특별시
157,2021,5,서초1동주민센터,서울특별시 서초구 사임당로 89,Y,197,20,2,1,N,N,N,37.49014,127.019443,서울특별시
158,2021,5,서초2동 주민센터,서울특별시 서초구 서초대로70길 51,Y,2384,50,10,1,N,N,N,37.487927,127.03087,서울특별시
159,2021,5,서초3동 주민센터,서울특별시 서초구 반포대로 34,Y,690,30,3,3,N,N,N,37.483279,127.014659,서울특별시
160,2021,5,서초4동 주민센터,서울특별시 서초구 서운로26길 3,Y,378,94,5,10,N,N,N,37.499001,127.021069,서울특별시
161,2021,5,잠원동 주민센터,서울특별시 서초구 나루터로 38,Y,1944,20,2,2,N,N,N,37.517856,127.017293,서울특별시
162,2021,5,반포본동 주민센터,서울특별시 서초구 신반포로 10,Y,259,15,2,1,N,N,N,37.5007035,126.991419,서울특별시
163,2021,5,반포1동 주민센터,서울특별시 서초구 사평대로 273,Y,650,50,0,5,N,N,N,37.50786,127.021236,서울특별시
164,2021,5,반포2동 주민센터,서울특별시 서초구 신반포로15길 16,Y,747,10,0,2,N,N,N,37.505079,126.994795,서울특별시
165,2021,5,반포3동 주민센터,서울특별시 서초구 신반포로23길 30,Y,66,30,0,3,N,N,N,37.509218,127.003618,서울특별시
166,2021,5,반포4동 주민센터,서울특별시 서초구 사평대로28길 70,Y,612,15,13,1,,,,37.499595,126.999449,서울특별시
167,2021,5,마천1동 주민센터,서울특별시 송파구 마천동 마천로 303 (마천동),Y,940,20,11,2,,,,37.4960042,127.1499488,서울특별시
168,2021,5,마천2동 주민센터,서울특별시 송파구 마천동 마천로 287 (마천동),Y,1575,20,10,2,,,,37.4968421,127.1485347,서울특별시
169,2021,5,방배본동 주민센터,서울특별시 서초구 동광로19길 38,Y,60,10,1,2,N,N,N,37.493299,126.985917,서울특별시
170,2021,5,방배1동 주민센터,서울특별시 서초구 효령로29길 43,Y,512,10,2,1,N,N,N,37.4875401,126.994678,서울특별시
171,2021,5,방배2동 주민센터,서울특별시 서초구 청두곶길 36,Y,1999,30,5,3,N,N,N,37.4807723,126.982762,서울특별시
172,2021,5,방배3동 주민센터,서울특별시 서초구 방배로 40,Y,677,20,2,1,N,N,N,37.478201,126.991616,서울특별시
173,2021,5,방배4동 주민센터,서울특별시 서초구 방배로 173,Y,553,20,5,1,N,N,N,37.489847,126.986857,서울특별시
174,2021,5,양재1동 주민센터,서울특별시 서초구 바우뫼로 41,Y,972,21,0,3,N,N,N,37.482971,127.040782,서울특별시
175,2021,5,방이1동 주민센터,서울특별시 송파구 방이동 위례성대로16길 22 (방이동),Y,1314,100,10,2,,,,37.5137285,127.1246344,서울특별시
176,2021,5,방이2동 주민센터,서울특별시 송파구 올림픽로34길 5-13,Y,957,20,1,1,,,,37.5163969,127.1114183,서울특별시
177,2021,5,양재2동 주민센터,서울특별시 서초구 마방로6길 7-40,Y,632,70,0,10,N,N,N,37.466222,127.035457,서울특별시
178,2021,5,내곡동 주민센터,서울특별시 서초구 청계산로15길 77,Y,119,30,4,1,N,N,N,37.4544169,127.053395,서울특별시
179,2021,5,오륜동 주민센터,서울특별시 송파구 방이동 양재대로 1232 (방이동),Y,1024,20,9,3,,,,37.5183083,127.1350065,서울특별시
180,2021,5,풍납1동 주민센터,서울특별시 송파구 풍납동 천호대로152길 7 (풍납동),Y,681,20,7,2,,,,37.5381063,127.1220348,서울특별시
181,2021,5,오금동 주민센터,서울특별시 송파구 오금동 중대로25길 5 (오금동),Y,1169,20,11,2,,,,37.5029893,127.1280813,서울특별시
182,2021,5,송파1동 주민센터,서울특별시 송파구 송파동 백제고분로 392 (송파동),Y,1483,20,15,3,,,,37.5090113,127.1100609,서울특별시
183,2021,5,풍납2동 주민센터,서울특별시 송파구 풍납동 토성로 64 (풍납동),Y,1011,20,1,2,,,,37.5287553,127.1167714,서울특별시
184,2021,5,거여1동 주민센터,서울특별시 송파구 거여동 오금로53길 32 (거여동),Y,960,20,4,2,,,,37.4996899,127.1440394,서울특별시
185,2021,5,거여2동 주민센터,서울특별시 송파구 거여동 거마로2길 19 (거여동),Y,3093,20,9,2,,,,37.4963041,127.1475856,서울특별시
186,2021,5,송파2동 주민센터,서울특별시 송파구 송파동 송이로 32 (송파동),Y,941,20,1,1,,,,37.502301,127.1167386,서울특별시
187,2021,5,석촌동 주민센터,서울특별시 송파구 석촌동 백제고분로37길 16 (석촌동),Y,1052,20,20,3,,,,37.5035646,127.1036855,서울특별시
188,2021,5,삼전동 주민센터,서울특별시 송파구 삼전동 백제고분로 236 (삼전동),Y,1099,20,1,2,,,,37.502701,127.0924205,서울특별시
189,2021,5,가락본동 주민센터,서울특별시 송파구 가락동 송파대로28길 39 (가락동),Y,999,100,10,4,,,,37.4956253,127.1220316,서울특별시
190,2021,5,가락1동 주민센터,서울특별시 송파구 가락동 송파대로37길 45 (가락동),Y,165,20,5,2,,,,37.4964477,127.1097677,서울특별시
191,2021,5,가락2동 주민센터,서울특별시 송파구 가락동 중대로20길 6 (가락동),Y,994,30,7,7,,,,37.4986768,127.1266084,서울특별시
192,2021,5,문정1동 주민센터,서울특별시 송파구 문정동 동남로 116 (문정동),Y,778,20,6,2,,,,37.490073,127.1241831,서울특별시
193,2021,5,문정2동 주민센터,서울특별시 송파구 문정동 중대로 16 (문정동),Y,870,20,13,2,,,,37.4898724,127.1108806,서울특별시
194,2021,5,장지동 주민센터,서울특별시 송파구 문정동 새말로19길 6 (문정동),Y,1236,40,6,2,N,N,N,37.486955,127.1324191,서울특별시
195,2021,5,위례동 주민센터,서울특별시 송파구 위례광장로 210,Y,2550,30,1,1,,,,37.481153,127.1439239,서울특별시
196,2021,5,잠실본동 주민센터,서울특별시 송파구 잠실동 백제고분로15길 9 (잠실동),Y,696,20,1,1,,,,37.506196,127.0842849,서울특별시
197,2021,5,잠실2동 주민센터,서울특별시 송파구 잠실동 올림픽로 159 (잠실동),Y,1749,20,9,1,,,,37.5118914,127.0885406,서울특별시
198,2021,5,잠실3동 주민센터,서울특별시 송파구 잠실동 잠실로 51-31 (잠실동),Y,591,20,3,2,,,,37.5132997,127.0943742,서울특별시
199,2021,5,잠실4동 주민센터,서울특별시 송파구 신천동 올림픽로35길 16 (신천동),Y,1321,20,5,4,,,,37.5201332,127.1122216,서울특별시
200,2021,5,잠실6동 주민센터,서울특별시 송파구 올림픽로35길 120,Y,767,20,10,4,,,,37.518096,127.100627,서울특별시
201,2021,5,잠실7동 주민센터,서울특별시 송파구 올림픽로4길 17,Y,10672,20,1,2,,,,37.5087448,127.0772764,서울특별시
202,2021,5,왕십리제2동주민센터,서울특별시 성동구 무학봉길 69,Y,100,8,3,2,N,N,N,37.561049,127.030482,서울특별시
203,2021,5,왕십리도선동주민센터,서울특별시 성동구 마장로 141,Y,39,10,13,5,N,N,N,37.5678526,127.025458,서울특별시
204,2021,5,마장동주민센터,서울특별시 성동구 마장로42길 11,Y,866,12,5,2,N,N,N,37.5663242,127.045289,서울특별시
205,2021,5,사근동주민센터,서울특별시 성동구 사근동길 37,Y,200,12,10,3,N,N,N,37.561498,127.045311,서울특별시
206,2021,5,행당1동주민센터,서울특별시 성동구 고산자로10길 18 (행당동),Y,1605,7,10,2,N,N,N,37.5585157,127.036117,서울특별시
207,2021,5,행당2동주민센터,서울특별시 성동구 행당로9길 9,Y,65,7,10,1,N,N,N,37.5582382,127.02936,서울특별시
208,2021,5,응봉동주민센터,서울특별시 성동구 독서당로 424 (응봉동),Y,66,5,13,2,N,N,N,37.5531556,127.033421,서울특별시
209,2021,5,금호1가동주민센터,서울특별시 성동구 행당로 15,Y,1714,10,15,6,N,N,N,37.5547709,127.021754,서울특별시
210,2021,5,금호2-3가동주민센터,서울특별시 성동구 무수막18길 1,Y,80,7,0,1,N,N,N,37.5531853,127.020916,서울특별시
211,2021,5,금호4가동주민센터,서울특별시 성동구 독서당로46길 26,Y,295,11,10,1,N,N,N,37.5471484,127.022351,서울특별시
212,2021,5,옥수동주민센터,서울특별시 성동구 독서당로 203,Y,750,8,0,11,N,N,N,37.5436876,127.0133466,서울특별시
213,2021,5,성수1가1동주민센터,서울특별시 성동구 뚝섬로3길 18,Y,1973,12,5,1,N,N,N,37.5419777,127.049631,서울특별시
214,2021,5,사직동주민센터,서울특별시 종로구 사직로9길 1,Y,400,100,0,6,N,N,N,37.5761812,126.9688833,서울특별시
215,2021,5,성수1가2동주민센터,서울특별시 성동구 왕십리로5길 3,Y,673,11,7,2,N,N,N,37.5462505,127.044372,서울특별시
216,2021,5,성수2가1동주민센터,서울특별시 성동구 뚝섬로 385-19,Y,287,11,10,3,N,N,N,37.5395071,127.054065,서울특별시
217,2021,5,성수2가3동주민센터,서울특별시 성동구 광나루로2길 35,Y,896,12,3,4,N,N,N,37.5482283,127.055112,서울특별시
218,2021,5,송정동주민센터,서울특별시 성동구 동일로43길 13 (송정동),Y,120,9,7,2,N,N,N,37.5545908,127.069546,서울특별시
219,2021,5,용답동주민센터,서울특별시 성동구 용답중앙23길 20 (용답동),Y,239,12,10,1,N,N,N,37.5641757,127.055384,서울특별시
220,2021,5,청운효자동주민센터,서울특별시 종로구 자하문로 92,Y,200,50,12,2,N,N,N,37.5840927,126.970565,서울특별시
221,2021,5,삼청동주민센터,서울특별시 종로구 삼청로 107,Y,200,50,5,3,N,N,N,37.5849719,126.9818459,서울특별시
222,2021,5,부암동주민센터,서울특별시 종로구 창의문로 145,Y,400,100,5,3,N,N,N,37.5924042,126.9640307,서울특별시
223,2021,5,평창동주민센터,서울특별시 종로구 평창문화로 65,Y,200,50,5,1,N,N,N,37.6063517,126.9683796,서울특별시
224,2021,5,무악동주민센터,서울특별시 종로구 통일로14길 36,Y,400,100,5,11,N,N,N,37.5760076,126.9580916,서울특별시
225,2021,5,교남동주민센터,서울특별시 종로구 송월길 154,Y,400,100,10,1,N,N,N,37.572015,126.961928,서울특별시
226,2021,5,가회동주민센터,서울특별시 종로구 북촌로 35,Y,60,150,4,1,N,N,N,37.5800861,126.9847695,서울특별시
227,2021,5,종로1234가동 주민센터,서울특별시 종로구 삼일대로30길 47,Y,400,100,10,3,N,N,N,37.5744316,126.9902611,서울특별시
228,2021,5,종로5.6가동주민센터,서울특별시 종로구 종로35가길 19,Y,80,50,10,3,N,N,N,37.5720325,127.0050427,서울특별시
229,2021,5,이화동주민센터,서울특별시 종로구 이화장길 33,Y,400,120,5,3,N,N,N,37.5769944,127.0043569,서울특별시
230,2021,5,혜화동주민센터,서울특별시 종로구 혜화로 12,Y,400,100,9,1,N,N,N,37.587039,127.00057,서울특별시
231,2021,5,창신1동주민센터,서울특별시 종로구 지봉로 8-6,Y,400,100,5,2,N,N,N,37.5707166,127.016352,서울특별시
232,2021,5,창신2동주민센터,서울특별시 종로구 창신길 62,Y,120,30,3,3,N,N,N,37.5744325,127.0108227,서울특별시
233,2021,5,창신3동주민센터,서울특별시 종로구 지봉로 87,Y,400,100,5,4,N,N,N,37.5778563,127.0151639,서울특별시
234,2021,5,숭인1동주민센터,서울특별시 종로구 지봉로 86,Y,120,30,4,3,N,N,N,37.5778423,127.0155946,서울특별시
235,2021,5,숭인2동주민센터,서울특별시 종로구 종로65길 10,Y,400,100,4,4,N,N,N,37.5748621,127.0199674,서울특별시
236,2021,5,후암동주민센터,서울특별시 용산구 후암로 32-6,Y,658,100,10,5,N,N,N,37.5486911,126.9781637,서울특별시
237,2021,5,용산2가동주민센터,서울특별시 용산구 신흥로 90,Y,392,200,4,2,N,N,N,37.5459239,126.985461,서울특별시
238,2021,5,남영동주민센터,서울특별시 용산구 두텁바위로 25,Y,264,66,5,3,N,N,N,37.5457462,126.9748099,서울특별시
239,2021,5,청파동주민센터,서울특별시 용산구 청파로49길 6,Y,2136,100,0,1,N,N,N,37.5453261,126.969981,서울특별시
240,2021,5,원효로1동주민센터,서울특별시 용산구 백범로 350,Y,400,100,8,3,N,N,N,37.5372513,126.9676862,서울특별시
241,2021,5,원효2동주민센터,서울특별시 용산구 효창원로8길 3,Y,998,20,10,5,N,N,N,37.5343838,126.9514952,서울특별시
242,2021,5,효창동주민센터,서울특별시 용산구 효창원로 161,Y,144,36,10,1,N,N,N,37.5424679,126.9618506,서울특별시
243,2021,5,용문동주민센터,서울특별시 용산구 새창로12길 13,Y,3989,20,7,4,N,N,N,37.5389418,126.9575324,서울특별시
244,2021,5,한강로동주민센터,서울특별시 용산구 한강대로38길 28,Y,282,70,10,1,N,N,N,37.5280628,126.969027,서울특별시
245,2021,5,이촌1동주민센터,서울특별시 용산구 이촌로71길 24,Y,581,30,13,1,N,N,N,37.5211982,126.973057,서울특별시
246,2021,5,이촌2동주민센터,서울특별시 용산구 이촌로18길 20,Y,3183,200,5,1,N,N,N,37.5262199,126.954672,서울특별시
247,2021,5,이태원1동주민센터,서울특별시 용산구 보광로 104-6,Y,804,100,5,2,N,N,N,37.5324757,126.9950081,서울특별시
248,2021,5,이태원2동주민센터,서울특별시 용산구 회나무로13길 58,Y,558,180,3,1,N,N,N,37.5419222,126.990147,서울특별시
249,2021,5,한남동주민센터,서울특별시 용산구 대사관로5길 1,Y,2343,50,3,5,N,N,N,37.5345375,127.0004574,서울특별시
250,2021,5,서빙고동주민센터,서울특별시 용산구 서빙고로 279,Y,325,50,15,3,N,N,N,37.5204716,126.994595,서울특별시
251,2021,5,보광동주민센터(북카페),서울특별시 용산구 장문로 95,Y,150,30,1,1,N,N,N,37.526268,127.0000867,서울특별시
252,2021,5,화양동주민센터,서울특별시 광진구 능동로17길 39,Y,343,55,15,4,,,,37.546478,127.071293,서울특별시
253,2021,5,군자동주민센터,서울특별시 광진구 군자로 151,Y,449,50,8,4,,,,37.555128,127.075872,서울특별시
254,2021,5,중곡1동주민센터,서울특별시 광진구 긴고랑로12길 49 (중곡동),Y,241,40,6,4,,,,37.560566,127.080038,서울특별시
255,2021,5,중곡2동주민센터,서울특별시 광진구 능동로 346 (중곡동),Y,170,42,6,1,,,,37.5602523,127.0814064,서울특별시
256,2021,5,중곡3동주민센터,서울특별시 광진구 동일로76가길 28 (중곡동),Y,1362,60,4,1,,,,37.568785,127.080129,서울특별시
257,2021,5,중곡4동주민센터,서울특별시 광진구 긴고랑로 131 (중곡동),Y,242,60,20,15,N,N,N,37.5590837,127.0894508,서울특별시
258,2021,5,능동주민센터,서울특별시 광진구 천호대로112길 55 (능동),Y,289,50,10,1,N,N,N,37.5537961,127.080446,서울특별시
259,2021,5,광장동주민센터,서울특별시 광진구 광장로 52 (광장동),Y,242,60,10,6,N,N,N,37.5469114,127.1029332,서울특별시
260,2021,5,자양1동주민센터,서울특별시 광진구 자양로13길 37 (자양동),Y,63,15,1,1,N,N,N,37.534445,127.082384,서울특별시
261,2021,5,자양2동주민센터,서울특별시 광진구 자양로3가길 26 (자양동),Y,50,12,10,4,N,N,N,37.528785,127.084456,서울특별시
262,2021,5,가산동주민센터,서울특별시 금천구 가산동 가산로 129 (가산동),Y,163,30,10,2,N,Y,N,37.4769139,126.8917866,서울특별시
263,2021,5,독산1동주민센터,서울특별시 금천구 독산동 시흥대로123길 11 (독산동),Y,108,100,0,3,N,Y,N,37.4702215,126.8970489,서울특별시
264,2021,5,자양3동주민센터,서울특별시 광진구 뚝섬로 568 (자양동),Y,232,58,4,15,,,,37.536588,127.0736338,서울특별시
265,2021,5,자양4동주민센터,서울특별시 광진구 뚝섬로26길 58,Y,71,17,8,2,N,N,N,37.534057,127.066231,서울특별시
266,2021,5,구의1동주민센터,서울특별시 광진구 광나루로36길 56 (구의동),Y,198,49,18,9,N,N,N,37.5425184,127.0857555,서울특별시
267,2021,5,구의2동주민센터,서울특별시 광진구 천호대로136길 55 (구의동),Y,203,50,8,2,N,N,N,37.5472201,127.0898795,서울특별시
268,2021,5,구의3동주민센터,서울특별시 광진구 강변역로 17 (구의동),Y,338,50,4,5,N,N,N,37.5379926,127.091984,서울특별시
269,2021,5,독산2동주민센터,서울특별시 금천구 독산로 179,Y,211,30,6,2,N,Y,N,37.4631486,126.90349,서울특별시
270,2021,5,독산3동주민센터,서울특별시 금천구 독산로 317,Y,193,100,5,1,N,Y,N,37.4751601,126.9031743,서울특별시
271,2021,5,독산4동주민센터,서울특별시 금천구 독산동 독산로 232 (독산동),Y,33,30,0,1,N,Y,N,37.4675529,126.9021953,서울특별시
272,2021,5,시흥1동주민센터,서울특별시 금천구 시흥동 시흥대로58길 36 (시흥동),Y,308,300,1,1,N,Y,N,37.4535702,126.903237,서울특별시
273,2021,5,시흥2동주민센터,서울특별시 금천구 시흥동 금하로 764 (시흥동),Y,48,50,10,6,N,Y,N,37.4496337,126.914663,서울특별시
274,2021,5,시흥3동주민센터,서울특별시 금천구 시흥동 시흥대로18길 40 (시흥동),Y,1344,120,0,4,N,Y,N,37.4402555,126.9058183,서울특별시
275,2021,5,시흥4동주민센터,서울특별시 금천구 시흥동 독산로36길 14 (시흥동),Y,30,50,2,1,N,Y,N,37.458957,126.9061289,서울특별시
276,2021,5,시흥5동주민센터,서울특별시 금천구 시흥동 금하로21길 20 (시흥동),Y,711,30,12,4,N,Y,N,37.4523996,126.9083334,서울특별시
277,2021,5,염창동주민센터,서울특별시 강서구 양천로67가길 63 (염창동),Y,1500,300,7,1,N,N,N,37.5537464,126.8709109,서울특별시
278,2021,5,등촌1동 주민센터,서울특별시 강서구 공항대로53가길 55 (등촌동),Y,259,52,5,2,N,N,N,37.5558314,126.8589082,서울특별시
279,2021,5,등촌2동 주민센터,서울특별시 강서구 등촌로 143 (등촌동),Y,248,50,10,2,N,N,N,37.5426581,126.8625052,서울특별시
280,2021,5,등촌3동주민센터,서울특별시 강서구 화곡로63길 96 (등촌동),Y,158,32,2,5,N,N,N,37.5588692,126.8479216,서울특별시
281,2021,5,화곡1동 주민센터,서울특별시 강서구 곰달래로 79 (화곡동),Y,249,50,0,1,N,N,N,37.5304289,126.8415696,서울특별시
282,2021,5,화곡2동주민센터,서울특별시 강서구 곰달래로37길 13 (화곡동),Y,1333,267,10,2,N,N,N,37.5318516,126.854548,서울특별시
283,2021,5,화곡3동주민센터,서울특별시 강서구 강서로33가길 17 (화곡동),Y,315,63,0,1,N,N,N,37.5425588,126.8384421,서울특별시
284,2021,5,화곡4동주민센터,서울특별시 강서구 곰달래로57가길 26 (화곡동),Y,1327,265,10,6,N,N,N,37.5346082,126.8607325,서울특별시
285,2021,5,화곡본동 주민센터,서울특별시 강서구 초록마을로5길 29 (화곡동),Y,372,74,6,2,N,N,N,37.5440288,126.8476296,서울특별시
286,2021,5,화곡6동주민센터,서울특별시 강서구 화곡로 312 (화곡동),Y,316,63,2,1,N,N,N,37.551822,126.8500247,서울특별시
287,2021,5,화곡8동 주민센터,서울특별시 강서구 곰달래로25길 45 (화곡동),Y,309,62,1,1,N,N,N,37.5327177,126.8483058,서울특별시
288,2021,5,가양1동 주민센터,서울특별시 강서구 허준로 30 (가양동),Y,2388,478,0,3,N,N,N,37.5695181,126.8446542,서울특별시
289,2021,5,가양2동주민센터,서울특별시 강서구 허준로 93 (가양동),Y,1953,391,1,2,N,N,N,37.5673814,126.8512612,서울특별시
290,2021,5,가양3동주민센터,서울특별시 강서구 허준로 202,Y,478,96,5,5,N,N,N,37.561058,126.86054,서울특별시
291,2021,5,발산1동 주민센터,서울특별시 강서구 강서로47길 54 (내발산동),Y,423,85,10,3,N,N,N,37.553107,126.8331316,서울특별시
292,2021,5,방화1동 주민센터,서울특별시 강서구 방화대로 330,Y,622,124,0,3,N,N,N,37.5703452,126.8170195,서울특별시
293,2021,5,방화2동 주민센터,서울특별시 강서구 개화동로23길 20,Y,180,36,2,2,N,N,N,37.5667374,126.8066788,서울특별시
294,2021,5,방화3동주민센터,서울특별시 강서구 금낭화로24길 5 (방화동),Y,1305,261,0,1,N,N,N,37.5787451,126.813523,서울특별시
295,2021,5,우장산동주민센터,서울특별시 강서구 우현로 34,Y,699,140,0,1,N,N,N,37.548234,126.841791,서울특별시
296,2021,5,공항동 주민센터,서울특별시 강서구 송정로 45 (공항동),Y,1045,209,0,1,N,N,N,37.5588443,126.8100389,서울특별시
297,2021,5,창2동 주민센터,서울특별시 도봉구 덕릉로59길 73-3 (창동),Y,988,247,6,6,,Y,,37.6414095,127.035679,서울특별시
298,2021,5,창3동 주민센터,서울특별시 도봉구 덕릉로62길 89 (창동),Y,470,150,7,3,,Y,,37.6381422,127.0429455,서울특별시
299,2021,5,창4동주민센터,서울특별시 도봉구 노해로 390,Y,330,82,0,2,,Y,,37.652249,127.0515364,서울특별시
300,2021,5,창5동 주민센터,서울특별시 도봉구 도봉로136나길 20 (창동),Y,365,200,10,3,,Y,,37.6563276,127.0436444,서울특별시
301,2021,5,도봉1동 주민센터,서울특별시 도봉구 도봉로169나길 22 (도봉동),Y,1329,150,10,4,,Y,,37.678686,127.0434102,서울특별시
302,2021,5,쌍문1동 주민센터,서울특별시 도봉구 노해로 147 (쌍문동),Y,1329,150,10,6,,Y,,37.6479935,127.0260419,서울특별시
303,2021,5,쌍문3동 주민센터,서울특별시 도봉구 노해로44길 9 (쌍문동),Y,470,150,14,7,,Y,,37.6489964,127.0279818,서울특별시
304,2021,5,쌍문4동 주민센터,서울특별시 도봉구 시루봉로 62-7 (쌍문동),Y,218,55,16,27,,Y,,37.6565029,127.0284676,서울특별시
305,2021,5,방학1동 주민센터,서울특별시 도봉구 방학로2길 27 (방학동),Y,968,150,33,1,,Y,,37.6642459,127.0407174,서울특별시
306,2021,5,방학2동 주민센터,서울특별시 도봉구 시루봉로 226 (방학동),Y,1378,150,17,10,,Y,,37.6682472,127.0350873,서울특별시
307,2021,5,방학3동 주민센터,서울특별시 도봉구 시루봉로 94 (방학동),Y,1573,150,10,4,,Y,,37.6591767,127.027948,서울특별시
308,2021,5,강일동주민센터,"서울특별시 강동구 아리수로93길 9-14, 강일동복합청사 (강일동)",Y,554,138,2,6,N,Y,N,37.5650129,127.1739677,서울특별시
309,2021,5,상일1동주민센터,서울특별시 강동구 구천면로 633,Y,198,49,2,2,N,Y,N,37.5505837,127.1662484,서울특별시
310,2021,5,명일1동주민센터,"서울특별시 강동구 양재대로138길 37 , 명일1동주민센터·명일파출소 (명일동)",Y,132,33,2,2,N,Y,N,37.5497629,127.1459825,서울특별시
311,2021,5,명일2동주민센터,"서울특별시 강동구 상암로 260 , 명일제2동주민센터 (명일동)",Y,253,63,2,3,N,Y,N,37.5463648,127.1513532,서울특별시
312,2021,5,노량진1동주민센터,서울특별시 동작구 장승배기로28길 30 (노량진동),Y,548,100,0,2,Y,Y,N,37.5122991,126.9420264,서울특별시
313,2021,5,고덕1동주민센터,서울특별시 강동구 양재대로156길 123,Y,226,56,2,4,N,Y,N,37.5572811,127.1515066,서울특별시
314,2021,5,노량진2동주민센터,서울특별시 동작구 장승배기로19길 48 (노량진동),Y,943,100,2,2,Y,Y,N,37.5085193,126.9373525,서울특별시
315,2021,5,상도1동주민센터,서울특별시 동작구 상도로53길 9 (상도동),Y,624,80,0,1,Y,Y,N,37.4981222,126.953069,서울특별시
316,2021,5,고덕2동주민센터,"서울특별시 강동구 아리수로78길 43-12, 고덕2동 주민센터 (고덕동)",Y,260,65,2,2,N,Y,N,37.5605075,127.1643569,서울특별시
317,2021,5,암사1동주민센터,"서울특별시 강동구 올림픽로98가길 57 , 암사제1동주민센터 (암사동)",Y,299,74,2,2,N,Y,N,37.5514797,127.1326412,서울특별시
318,2021,5,암사2동주민센터,서울특별시 강동구 상암로3길 28,Y,204,51,2,4,N,Y,N,37.5517055,127.1272729,서울특별시
319,2021,5,암사3동주민센터,"서울특별시 강동구 고덕로 137 , 암사3동 주민센터 (암사동)",Y,320,80,2,2,N,Y,N,37.554995,127.1407822,서울특별시
320,2021,5,천호1동주민센터,"서울특별시 강동구 구천면로42길 59 , 천호1파출소, 천호1동주민센터 (천호동)",Y,275,68,2,3,N,Y,N,37.5450202,127.1367984,서울특별시
321,2021,5,천호2동주민센터,"서울특별시 강동구 올림픽로 698 , 천호제2동주민센터, 민호빌 (천호동)",Y,313,78,2,3,N,Y,N,37.5434507,127.1254303,서울특별시
322,2021,5,상도2동주민센터,서울특별시 동작구 상도로 211 (상도동),Y,636,80,6,3,Y,Y,N,37.5054945,126.9423314,서울특별시
323,2021,5,천호3동주민센터,서울특별시 강동구 천호대로 1089,Y,100,20,2,3,N,Y,N,37.5360814,127.1331604,서울특별시
324,2021,5,상도3동주민센터,서울특별시 동작구 성대로2길 11 (상도동),Y,409,100,2,13,Y,Y,N,37.4992063,126.9313412,서울특별시
325,2021,5,상도4동주민센터,서울특별시 동작구 양녕로27길 45,Y,575,20,2,4,Y,Y,N,37.4993552,126.941469,서울특별시
326,2021,5,성내3동주민센터,"서울특별시 강동구 강동대로53길 76 , 성내3동주민센터 (성내동)",Y,281,70,2,2,N,Y,N,37.5260424,127.1328857,서울특별시
327,2021,5,흑석동주민센터,서울특별시 동작구 흑석한강로 11 (흑석동),Y,737,80,4,6,Y,Y,N,37.5057831,126.9665907,서울특별시
328,2021,5,길동주민센터,서울특별시 강동구 명일로 229-1,Y,198,49,2,2,N,Y,N,37.539221,127.1461973,서울특별시
329,2021,5,사당1동주민센터,"서울특별시 동작구 동작대로17길 28 , 사당1동 주민센터 (사당동)",Y,472,118,1,1,Y,Y,N,37.4831526,126.978693,서울특별시
330,2021,5,사당2동주민센터,"서울특별시 동작구 동작대로29길 52 , 사당2동 주민센터 (사당동)",Y,867,80,6,5,Y,Y,N,37.4887525,126.9792455,서울특별시
331,2021,5,둔촌2동주민센터,"서울특별시 강동구 천호대로186길 7 , 둔촌제2동주민센터 (둔촌동)",Y,239,59,2,2,N,Y,N,37.5333444,127.1419499,서울특별시
332,2021,5,사당3동주민센터,서울특별시 동작구 사당로17길 86 (사당동),Y,859,80,5,2,Y,Y,N,37.4866269,126.9720888,서울특별시
333,2021,5,사당4동주민센터,"서울특별시 동작구 사당로16아길 6 , 사당4동 주민센터 (사당동)",Y,271,80,3,3,Y,Y,N,37.4809662,126.9716274,서울특별시
334,2021,5,사당5동주민센터,서울특별시 동작구 사당로2가길 219 (사당동),Y,1270,317,10,2,Y,Y,N,37.4856322,126.9670068,서울특별시
335,2021,5,성내1동주민센터,서울특별시 강동구 성내로 13 (성내동),Y,338,84,2,3,N,Y,N,37.5304794,127.122458,서울특별시
336,2021,5,강동구청,서울특별시 강동구 성내로 25,Y,200,50,0,3,Y,Y,N,37.5302636,127.1237964,서울특별시
337,2021,5,성내2동주민센터,서울특별시 강동구 풍성로37가길 62,Y,221,55,2,2,N,Y,N,37.5324028,127.129566,서울특별시
338,2021,5,대방동주민센터,서울특별시 동작구 여의대방로44길 20 (대방동),Y,957,80,0,4,Y,Y,N,37.5081683,126.9263395,서울특별시
339,2021,5,신대방1동주민센터,서울특별시 동작구 신대방길 72 (신대방동),Y,749,60,4,1,Y,Y,N,37.4889453,126.9100392,서울특별시
340,2021,5,신대방2동주민센터,서울특별시 동작구 여의대방로24길 76,Y,1030,257,10,24,Y,Y,N,37.498416,126.9245228,서울특별시
341,2021,5,삼양동주민센터,서울특별시 강북구 삼양로 268,Y,167,10,10,2,,,,37.627278,127.018346,서울특별시
342,2021,5,미아동주민센터,서울특별시 강북구 솔매로49길 14,Y,367,50,10,2,,,,37.627043,127.026937,서울특별시
343,2021,5,송중동주민센터,서울특별시 강북구 오패산로 162,Y,153,100,7,6,,,,37.616097,127.033751,서울특별시
344,2021,5,아현동주민센터,서울특별시 마포구 마포대로7길 18,Y,84,65,25,3,N,Y,N,37.547235,126.952219,서울특별시
345,2021,5,공덕동주민센터,서울특별시 마포구 만리재옛길 84,Y,85,50,10,2,N,Y,N,37.550151,126.960021,서울특별시
346,2021,5,도화동주민센터,서울특별시 마포구 도화길 37,Y,75,48,10,1,N,Y,N,37.541459,126.949836,서울특별시
347,2021,5,용강동주민센터,서울특별시 마포구 토정로31길 31,Y,52,30,8,1,N,Y,N,37.542352,126.942853,서울특별시
348,2021,5,대흥동주민센터,서울특별시 마포구 신촌로26길 10,Y,52,20,16,1,N,Y,N,37.555819,126.942154,서울특별시
349,2021,5,염리동주민센터,서울특별시 마포구 숭문길 14,Y,65,246,10,1,N,Y,N,37.547036,126.945634,서울특별시
350,2021,5,신수동주민센터,서울특별시 마포구 독막로 192,Y,52,50,8,1,N,Y,N,37.547122,126.935158,서울특별시
351,2021,5,서강동주민센터,서울특별시 마포구 독막로 165,Y,53,150,8,1,N,Y,N,37.547689,126.932027,서울특별시
352,2021,5,서교동주민센터,서울특별시 마포구 동교로15길 7,Y,62,104,8,1,N,Y,N,37.555139,126.914564,서울특별시
353,2021,5,합정동주민센터,서울특별시 마포구 월드컵로5길 11,Y,83,40,8,1,N,Y,N,37.551574,126.912127,서울특별시
354,2021,5,망원1동주민센터,서울특별시 마포구 포은로6길 10,Y,65,20,11,1,N,Y,N,37.555586,126.905599,서울특별시
355,2021,5,망원2동주민센터,서울특별시 마포구 방울내로7길 11,Y,75,100,10,1,N,Y,N,37.560291,126.902282,서울특별시
356,2021,5,연남동주민센터,서울특별시 마포구 성미산로29길 17-9,Y,74,305,20,1,N,Y,N,37.564471,126.922006,서울특별시
357,2021,5,성산1동주민센터,서울특별시 마포구 성산로4길 15,Y,69,120,8,1,N,Y,N,37.563338,126.907883,서울특별시
358,2021,5,성산2동주민센터,서울특별시 마포구 월드컵북로30길 22,Y,81,20,10,2,N,Y,N,37.568578,126.908982,서울특별시
359,2021,5,상암동주민센터,서울특별시 마포구 매봉산로2길 16,Y,79,374,10,1,N,Y,N,37.57825,126.89465,서울특별시
360,2021,5,송천동주민센터,서울특별시 강북구 솔샘로 284,Y,87,50,10,2,,,,37.618268,127.023834,서울특별시
361,2021,5,삼각산동주민센터,서울특별시 강북구 삼양로19길 34,Y,516,50,1,1,,,,37.6151481,127.0207409,서울특별시
362,2021,5,번1동주민센터,서울특별시 강북구 덕릉로41길 74,Y,243,50,3,10,,,,37.637862,127.028835,서울특별시
363,2021,5,번2동주민센터,서울특별시 강북구 한천로 897,Y,192,50,12,5,,,,37.632068,127.038756,서울특별시
364,2021,5,번3동주민센터,서울특별시 강북구 한천로105길 21,Y,295,60,6,1,,,,37.625825,127.046596,서울특별시
365,2021,5,수유1동주민센터,서울특별시 강북구 삼양로 299,Y,415,60,0,2,,,,37.630001,127.017529,서울특별시
366,2021,5,수유2동 주민센터,서울특별시 강북구 한천로 1117,Y,88,50,2,2,,,,37.644617,127.019875,서울특별시
367,2021,5,수유3동주민센터,서울특별시 강북구 노해로 36,Y,191,50,1,1,,,,37.638689,127.023136,서울특별시
368,2021,5,우이동주민센터,서울특별시 강북구 삼양로139길 49,Y,88,50,0,2,,,,37.647866,127.011843,서울특별시
369,2021,5,인수동 주민센터,서울특별시 강북구 인수봉로 255,Y,70,30,5,2,,,,37.641458,127.01058,서울특별시
370,2021,5,용신동주민센터,서울특별시 동대문구 천호대로27길 35,Y,130,20,0,6,N,Y,N,37.575944,127.037297,서울특별시
371,2021,5,제기동주민센터,서울특별시 동대문구 약령시로 71,Y,701,58,0,6,N,Y,N,37.583068,127.037902,서울특별시
372,2021,5,전농1동주민센터,서울특별시 동대문구 서울시립대로9길 21,Y,438,49,18,2,N,Y,N,37.57795,127.04773,서울특별시
373,2021,5,전농2동주민센터,서울특별시 동대문구 전농동 사가정로 137 (전농동),Y,190,76,3,8,N,N,N,37.577973,127.06014,서울특별시
374,2021,5,소공동 주민센터,서울특별시 중구 남대문로1길 31-5,Y,136,41,6,3,,,,37.5624004,126.977013,서울특별시
375,2021,5,회현동 주민센터,서울특별시 중구 퇴계로12길 89,Y,885,200,10,4,N,N,N,37.5573568,126.9793467,서울특별시
376,2021,5,명동 주민센터,서울특별시 중구 퇴계로20길 3,Y,189,20,5,7,N,N,N,37.5600544,126.9858025,서울특별시
377,2021,5,필동주민센터,서울특별시 중구 퇴계로36길 42,Y,944,30,3,5,N,N,N,37.5601546,126.9955807,서울특별시
378,2021,5,장충동 주민센터,서울특별시 중구 장충단로8길 22,Y,848,50,0,2,N,N,N,37.5619114,127.0078704,서울특별시
379,2021,5,광희동 주민센터,서울특별시 중구 퇴계로 303-9,Y,225,30,4,1,N,N,N,37.5644512,127.004986,서울특별시
380,2021,5,을지로동 주민센터,서울특별시 중구 충무로9길 19,Y,30,10,0,2,N,N,N,37.5667402,126.9913782,서울특별시
381,2021,5,신당동 주민센터,서울특별시 중구 청구로8길 22,Y,550,50,2,6,N,N,N,37.5613872,127.01372,서울특별시
382,2021,5,다산동 주민센터,서울특별시 중구 동호로15길 50,Y,85,30,1,2,N,N,N,37.5542653,127.0083084,서울특별시
383,2021,5,약수동주민센터,서울특별시 중구 다산로 92,Y,1317,200,6,26,N,N,N,37.5524756,127.0089583,서울특별시
384,2021,5,청구동주민센터,서울특별시 중구 청구로3길 55,Y,50,20,2,1,N,N,N,37.5571022,127.0146791,서울특별시
385,2021,5,신당5동주민센터,서울특별시 중구 다산로44길 85,Y,251,30,4,10,N,N,N,37.5651172,127.0218667,서울특별시
386,2021,5,동화동주민센터,서울특별시 중구 다산로36길 100,Y,100,50,1,1,N,N,N,37.5599648,127.019399,서울특별시
387,2021,5,황학동주민센터,서울특별시 중구 난계로11길 52,Y,330,30,2,6,N,N,N,37.5674378,127.0213668,서울특별시
388,2021,5,중림동주민센터,서울특별시 중구 만리재로 175,Y,50,30,0,8,N,N,N,37.554932,126.9639569,서울특별시
389,2021,5,답십리1동 주민센터,서울특별시 동대문구 사가정로 30,Y,709,90,8,6,N,N,N,37.571867,127.051175,서울특별시
390,2021,5,답십리2동주민센터,서울특별시 동대문구 한천로11길 18,Y,60,18,2,1,N,Y,N,37.567312,127.061209,서울특별시
391,2021,5,장안1동 주민센터,서울특별시 동대문구 한천로18길 52 (장안동),Y,385,30,3,3,N,Y,N,37.5704411,127.0672678,서울특별시
392,2021,5,장안2동주민센터,서울특별시 동대문구 사가정로 230-1,Y,180,54,15,10,N,N,N,37.578487,127.070595,서울특별시
393,2021,5,청량리동주민센터,서울특별시 동대문구 왕산로43다길 5,Y,160,20,1,1,N,N,N,37.586194,127.047276,서울특별시
394,2021,5,회기동주민센터,서울특별시 동대문구 회기로25길 12-1 (회기동),Y,593,179,17,2,N,N,N,37.5933892,127.0558055,서울특별시
395,2021,5,휘경1동주민센터,서울특별시 동대문구 외대역동로6길 3,Y,288,87,14,8,N,Y,N,37.592936,127.065738,서울특별시
396,2021,5,휘경2동 주민센터,서울특별시 동대문구 한천로 329,Y,20,7,0,1,N,Y,N,37.5929268,127.065641,서울특별시
397,2021,5,이문1동주민센터,서울특별시 동대문구 외대역동로 114-1 (이문동),Y,60,10,0,2,N,Y,N,37.597768,127.065476,서울특별시
398,2021,5,이문2동주민센터,서울특별시 동대문구 신이문로 27-5,Y,92,27,2,2,N,Y,N,37.603359,127.065099,서울특별시
399,2021,5,정릉3동 주민센터,서울특별시 성북구 정릉동 솔샘로1길 6-3 (정릉동),Y,3580,50,10,5,N,N,N,37.6089311,127.0041665,서울특별시
400,2021,5,정릉4동 주민센터,서울특별시 성북구 정릉동 보국문로 106-1 (정릉동),Y,3180,150,10,5,N,N,N,37.613347,127.0069976,서울특별시
401,2021,5,길음1동 주민센터,서울특별시 성북구 길음로 92,Y,2179,30,16,6,N,N,N,37.6104983,127.0193799,서울특별시
402,2021,5,길음2동 주민센터,서울특별시 성북구 삼양로2길 70,Y,66,10,2,1,N,N,N,37.6067637,127.0272712,서울특별시
403,2021,5,종암동 주민센터,서울특별시 성북구 종암로 98-8,Y,974,200,0,16,N,N,N,37.5990425,127.0352632,서울특별시
404,2021,5,월곡1동 주민센터,서울특별시 성북구 오패산로 96,Y,1247,50,10,9,N,N,N,37.6106159,127.0357877,서울특별시
405,2021,5,월곡2동 주민센터,서울특별시 성북구 화랑로 152,Y,867,50,14,3,N,N,N,37.6057652,127.04796,서울특별시
406,2021,5,장위1동 주민센터,서울특별시 성북구 장위로 61,Y,160,36,3,3,N,N,N,37.6140351,127.0438185,서울특별시
407,2021,5,장위2동 주민센터,서울특별시 성북구 돌곶이로27길 12,Y,199,10,1,1,N,N,N,37.612438,127.0544177,서울특별시
408,2021,5,장위3동주민센터,서울특별시 성북구 한천로 657,Y,522,80,10,5,N,N,N,37.6165205,127.0565989,서울특별시
409,2021,5,석관동 주민센터,서울특별시 성북구 화랑로 296,Y,160,50,5,6,N,N,N,37.6129713,127.061374,서울특별시
410,2021,5,성북동 주민센터,서울특별시 성북구 성북로 37,Y,440,20,10,5,N,N,N,37.591027,127.003228,서울특별시
411,2021,5,삼선동 주민센터,서울특별시 성북구 보문로 190,Y,637,50,4,4,N,N,N,37.590897,127.0145,서울특별시
412,2021,5,동선동 주민센터,서울특별시 성북구 동소문로26길 27,Y,935,80,3,5,N,N,N,37.593941,127.020394,서울특별시
413,2021,5,돈암1동 주민센터,서울특별시 성북구 돈암동 정릉로 394 (돈암동),Y,740,50,10,2,N,N,N,37.603534,127.026366,서울특별시
414,2021,5,돈암2동 주민센터,서울특별시 성북구 흥천사길 7,Y,480,50,9,2,N,N,N,37.597976,127.010543,서울특별시
415,2021,5,안암동 주민센터,서울특별시 성북구 고려대로 16,Y,53,30,2,3,N,N,N,37.5858009,127.0213469,서울특별시
416,2021,5,보문동 주민센터,서울특별시 성북구 안암로3길 35,Y,229,30,0,2,N,N,N,37.5804183,127.0228304,서울특별시
417,2021,5,정릉1동 주민센터,서울특별시 성북구 정릉로38마길 33,Y,965,50,10,4,N,N,N,37.6014404,127.0166532,서울특별시
418,2021,5,정릉2동 주민센터,서울특별시 성북구 정릉동 정릉로26길 1 (정릉동),Y,557,139,14,3,N,N,N,37.6044933,127.0111003,서울특별시
419,2021,5,면목2동주민센터,서울특별시 중랑구 동일로101길 20-15,Y,224,56,7,6,N,Y,N,37.5897681,127.0789293,서울특별시
420,2021,5,면목4동주민센터,서울특별시 중랑구 면목로 246,Y,272,68,2,2,N,Y,N,37.5747586,127.0854597,서울특별시
421,2021,5,면목5동주민센터,서울특별시 중랑구 동일로 619,Y,704,176,1,2,N,Y,N,37.5858452,127.0794645,서울특별시
422,2021,5,상봉1동주민센터,서울특별시 중랑구 상봉중앙로1길 6,Y,50,11,5,2,N,Y,N,37.5999239,127.087143,서울특별시
423,2021,5,상봉2동주민센터,서울특별시 중랑구 동일로114길 10,Y,232,31,4,3,N,Y,N,37.5924822,127.0832367,서울특별시
424,2021,5,중화1동주민센터,서울특별시 중랑구 동일로134길 17,Y,200,50,14,1,N,Y,N,37.6011345,127.080715,서울특별시
425,2021,5,중화2동주민센터,서울특별시 중랑구 봉화산로3길 28,Y,450,200,20,7,N,Y,N,37.6028012,127.0761053,서울특별시
426,2021,5,묵1동주민센터,서울특별시 중랑구 공릉로2가길 5,Y,50,15,5,2,N,Y,N,37.6124007,127.0785496,서울특별시
427,2021,5,묵2동주민센터,서울특별시 중랑구 동일로157길 29,Y,40,10,10,2,N,Y,N,37.6096417,127.0759763,서울특별시
428,2021,5,망우본동주민센터,서울특별시 중랑구 망우로77길 12,Y,280,90,6,6,N,Y,N,37.6014566,127.1062548,서울특별시
429,2021,5,면목본동주민센터,서울특별시 중랑구 면목로 397,Y,210,70,10,3,N,Y,N,37.5873114,127.087529,서울특별시
430,2021,5,면목7동주민센터,서울특별시 중랑구 면목로 298,Y,376,94,9,4,N,Y,N,37.5792085,127.0874442,서울특별시
431,2021,5,"면목3,8동주민센터",서울특별시 중랑구 사가정로51길 48,Y,60,15,6,2,N,Y,N,37.5830178,127.0880672,서울특별시
432,2021,5,망우3동주민센터,서울특별시 중랑구 겸재로61길 40,Y,200,50,14,3,N,Y,N,37.5923403,127.0980863,서울특별시
433,2021,5,신내1동주민센터,서울특별시 중랑구 용마산로129나길 35,Y,50,10,5,2,N,Y,N,37.6058859,127.099488,서울특별시
434,2021,5,신내2동주민센터,서울특별시 중랑구 봉화산로 190,Y,36,9,1,1,N,Y,N,37.6062938,127.0941612,서울특별시
435,2021,5,월계1동주민센터,서울특별시 노원구 석계로 59,Y,262,20,2,1,N,N,N,37.584896,126.9202944,서울특별시
436,2021,5,월계2동주민센터,"서울특별시 노원구 월계동 덕릉로60길 252 (월계동, 유원아파트)",Y,465,20,2,2,N,N,N,37.6319367,127.0458987,서울특별시
437,2021,5,월계3동주민센터,"서울특별시 노원구 월계동 월계로 372 (월계동, 사슴아파트)",Y,184,20,1,3,N,N,N,37.6319966,127.0603929,서울특별시
438,2021,5,공릉1동주민센터,서울특별시 노원구 공릉동 동일로186길 3-24 (공릉동),Y,537,20,12,3,N,N,N,37.6275354,127.0744807,서울특별시
439,2021,5,공릉2동주민센터,"서울특별시 노원구 공릉동 공릉로51길 14-17 (공릉동, 건영장미아파트)",Y,555,20,1,1,N,N,N,37.6316574,127.0767333,서울특별시
440,2021,5,하계1동주민센터,서울특별시 노원구 한글비석로 97,Y,268,20,4,2,N,N,N,37.6385481,127.0728594,서울특별시
441,2021,5,하계2동주민센터,"서울특별시 노원구 하계동 섬밭로 201 (하계동, 시영5단지아파트)",Y,238,20,2,2,N,N,N,37.6366293,127.0666607,서울특별시
442,2021,5,중계본동주민센터,서울특별시 노원구 중계동 중계로 143 (중계동),Y,266,20,9,2,N,N,N,37.6505545,127.0810179,서울특별시
443,2021,5,중계1동주민센터,"서울특별시 노원구 중계동 중계로 230 (중계동, 중계5단지주공아파트)",Y,266,20,5,2,N,N,N,37.6510141,127.0750484,서울특별시
444,2021,5,"중계2,3동주민센터",서울특별시 노원구 중계동 노원로17길 56 (중계동),Y,395,20,11,1,N,N,N,37.6421307,127.0687306,서울특별시
445,2021,5,중계4동주민센터,"서울특별시 노원구 중계동 덕릉로 662 (중계동, 중계3단지주공영구임대아파트)",Y,334,20,2,1,N,N,N,37.6593738,127.0781718,서울특별시
446,2021,5,상계1동주민센터,서울특별시 노원구 동일로242라길 20,Y,338,20,0,1,N,N,N,37.6547,127.0567,서울특별시
447,2021,5,상계5동주민센터,"서울특별시 노원구 상계동 동일로246길 39 (상계동, 극동늘푸른아파트)",Y,228,20,4,2,N,N,N,37.6798336,127.0579159,서울특별시
448,2021,5,"상계3,4동주민센터",서울특별시 노원구 상계동 동일로239다길 19 (상계동),Y,758,20,2,2,N,N,N,37.675995,127.0510058,서울특별시
449,2021,5,상계2동주민센터,서울특별시 노원구 상계동 동일로237가길 10 (상계동),Y,386,20,1,2,N,N,N,37.674314,127.0545095,서울특별시
450,2021,5,"상계6,7동주민센터",서울특별시 노원구 상계동 노원로 429 (상계동),Y,178,20,15,1,N,N,N,37.6548824,127.0669519,서울특별시
451,2021,5,상계8동주민센터,서울특별시 노원구 상계동 동일로227길 97 (상계동),Y,216,20,10,1,N,N,N,37.6694833,127.0522827,서울특별시
452,2021,5,상계9동주민센터,"서울특별시 노원구 상계동 동일로228길 23 (상계동, 상계주공14단지아파트)",Y,238,20,6,2,N,N,N,37.6726154,127.0594637,서울특별시
453,2021,5,상계10동주민센터,서울특별시 노원구 상계동 노원로 530 (상계동),Y,238,20,10,2,N,N,N,37.6640359,127.0609868,서울특별시
454,2021,5,신사동주민센터,서울특별시 강남구 압구정로 128 (신사동),Y,157,40,13,2,N,N,N,37.5239742,127.0227971,서울특별시
455,2021,5,논현1동주민센터,서울특별시 강남구 학동로20길 25 (논현동),Y,170,42,20,3,N,N,N,37.511452,127.028507,서울특별시
456,2021,5,논현2동주민센터,서울특별시 강남구 학동로43길 17 (논현동),Y,832,50,3,2,N,N,N,37.5172779,127.0371879,서울특별시
457,2021,5,압구정동 주민센터,서울특별시 강남구 압구정로33길 48 (압구정동),Y,203,20,1,5,N,N,N,37.5306182,127.0306508,서울특별시
458,2021,5,청담동주민센터,서울특별시 강남구 압구정로79길 26 (청담동),Y,336,30,3,5,N,N,N,37.5250817,127.0493166,서울특별시
459,2021,5,삼성1동주민센터,서울특별시 강남구 봉은사로 616 (삼성동),Y,302,40,0,1,N,N,N,37.514325,127.0625237,서울특별시
460,2021,5,삼성2동주민센터,서울특별시 강남구 봉은사로 419 (삼성동),Y,786,40,7,2,N,N,N,37.5111674,127.0459912,서울특별시
461,2021,5,대치1동주민센터,서울특별시 강남구 남부순환로391길 19 (대치동),Y,319,40,2,2,N,N,N,37.4932457,127.0567749,서울특별시
462,2021,5,대치2동주민센터,서울특별시 강남구 영동대로65길 24 (대치동),Y,88,30,18,4,N,N,N,37.502306,127.0641871,서울특별시
463,2021,5,대치4동주민센터,서울특별시 강남구 도곡로77길 23 (대치동),Y,301,30,3,2,N,N,N,37.4997288,127.0578474,서울특별시
464,2021,5,역삼1동주민센터,서울특별시 강남구 역삼로7길 16 (역삼동),Y,531,40,4,8,N,N,N,37.4953738,127.0332825,서울특별시
465,2021,5,역삼2동주민센터,서울특별시 강남구 도곡로43길 25 (역삼동),Y,253,30,1,1,N,N,N,37.4959747,127.0468166,서울특별시
466,2021,5,도곡1동주민센터,서울특별시 강남구 도곡로18길 57 (도곡동),Y,648,50,2,14,N,N,N,37.4883118,127.0388787,서울특별시
467,2021,5,도곡2동주민센터,서울특별시 강남구 남부순환로378길 34-9 (도곡동),Y,463,40,11,4,N,N,N,37.4836996,127.0464155,서울특별시
468,2021,5,개포2동주민센터,서울특별시 강남구 개포로 511 (개포동),Y,2790,40,6,2,N,N,N,37.489757,127.069056,서울특별시
469,2021,5,개포4동주민센터,서울특별시 강남구 개포로38길 12 (개포동),Y,825,10,2,1,N,N,N,37.4788211,127.0516583,서울특별시
470,2021,5,세곡동주민센터,서울특별시 강남구 밤고개로 286 (율현동),Y,338,84,10,4,N,N,N,37.4690495,127.1069115,서울특별시
471,2021,5,일원본동주민센터,서울특별시 강남구 광평로 126 (일원동),Y,1326,10,0,1,N,N,N,37.4833779,127.0864808,서울특별시
472,2021,5,일원1동주민센터,서울특별시 강남구 양재대로55길 14 (일원동),Y,1286,40,2,2,N,N,N,37.4918534,127.0880284,서울특별시
473,2021,5,일원2동주민센터,서울특별시 강남구 개포로 607 (개포동),Y,243,50,1,5,N,N,N,37.4921516,127.073677,서울특별시
474,2021,5,수서동주민센터,서울특별시 강남구 광평로 301-4 (수서동),Y,1051,40,3,5,N,N,N,37.4889023,127.1049904,서울특별시
475,2021,5,신도림동주민센터,서울특별시 구로구 신도림로 40,Y,1983,20,0,2,Y,Y,N,37.507693,126.880681,서울특별시
476,2021,5,구로2동 주민센터,서울특별시 구로구 구로동로 141,Y,2460,20,10,1,Y,Y,N,37.4912729,126.8833142,서울특별시
477,2021,5,구로3동주민센터,서울특별시 구로구 디지털로31길 109,Y,471,20,0,2,Y,Y,N,37.4862522,126.8921456,서울특별시
478,2021,5,구로4동 주민센터,서울특별시 구로구 구로동로28길 94,Y,857,20,0,3,Y,Y,N,37.491563,126.889132,서울특별시
479,2021,5,구로5동 주민센터,서울특별시 구로구 구로중앙로28길 66,Y,547,20,0,3,Y,Y,N,37.500043,126.889289,서울특별시
480,2021,5,구로1동 주민센터,서울특별시 구로구 구일로4길 57,Y,712,20,5,1,Y,Y,N,37.493013,126.875755,서울특별시
481,2021,5,가리봉동 주민센터,서울특별시 구로구 우마2길 35,Y,511,20,5,1,Y,Y,N,37.4824503,126.8897691,서울특별시
482,2021,5,고척1동 주민센터,서울특별시 구로구 중앙로3길 18-8,Y,120,40,0,1,Y,Y,N,37.500368,126.862775,서울특별시
483,2021,5,고척2동 주민센터,서울특별시 구로구 중앙로15길 22,Y,1930,20,0,5,Y,Y,N,37.506671,126.858585,서울특별시
484,2021,5,개봉3동 주민센터,서울특별시 구로구 개봉로3길 47-5,Y,572,20,10,2,Y,Y,N,37.4859537,126.8538272,서울특별시
485,2021,5,오류1동 주민센터,서울특별시 구로구 경인로27길 10,Y,1287,20,10,2,Y,Y,N,37.4972542,126.8452791,서울특별시
486,2021,5,오류2동 주민센터,서울특별시 구로구 오류로 45,Y,458,20,10,2,Y,Y,N,37.4887627,126.8394745,서울특별시
487,2021,5,개봉1동 주민센터,서울특별시 구로구 경인로33길 51,Y,632,20,10,2,Y,Y,N,37.50021,126.851117,서울특별시
488,2021,5,수궁동 주민센터,서울특별시 구로구 오리로15길 32,Y,769,20,1,3,Y,Y,N,37.4938646,126.8314537,서울특별시
489,2021,5,항동주민센터,서울특별시 구로구 서해안로 2102,Y,386,20,2,1,Y,Y,N,37.4911149,126.8395931,서울특별시
490,2021,5,은천동주민센터,서울특별시 관악구 봉천로33나길 30 (봉천동),Y,48,35,1,1,Y,Y,N,37.48543,126.94242,서울특별시
491,2021,5,보라매동주민센터,서울특별시 관악구 봉천로 279-8 (봉천동),Y,338,52,2,1,Y,Y,N,37.48831,126.93281,서울특별시
492,2021,5,청림동주민센터,"서울특별시 관악구 관악로 304 (봉천동, 현대아파트)",Y,790,22,0,4,Y,Y,N,37.49193,126.9587,서울특별시
493,2021,5,청룡동주민센터,서울특별시 관악구 쑥고개로 44 (봉천동),Y,1441,41,6,5,Y,Y,N,37.47927,126.94164,서울특별시
494,2021,5,성현동주민센터,서울특별시 관악구 구암길 38 (봉천동),Y,358,64,7,1,Y,Y,N,37.48965,126.94801,서울특별시
495,2021,5,행운동주민센터,서울특별시 관악구 행운1길 43 (봉천동),Y,690,55,5,3,Y,Y,N,37.48077,126.95712,서울특별시
496,2021,5,낙성대동주민센터,서울특별시 관악구 낙성대로4가길 5 (봉천동),Y,318,100,4,1,Y,Y,N,37.47646,126.9585,서울특별시
497,2021,5,중앙동주민센터,서울특별시 관악구 양녕로6다길 7 (봉천동),Y,704,14,10,2,Y,Y,N,37.48432,126.94967,서울특별시
498,2021,5,인헌동주민센터,서울특별시 관악구 남부순환로246가길 20 (봉천동),Y,500,28,4,4,Y,Y,N,37.47523,126.96533,서울특별시
499,2021,5,남현동주민센터,서울특별시 관악구 승방1길 5 (남현동),Y,172,42,0,1,Y,Y,N,37.47469,126.9779,서울특별시
500,2021,5,서원동주민센터,서울특별시 관악구 신림로 282,Y,1311,43,7,10,Y,Y,N,37.47994,126.93135,서울특별시
501,2021,5,신원동주민센터,서울특별시 관악구 신원로3길 13-6 (신림동),Y,200,23,15,2,Y,Y,N,37.48178,126.92736,서울특별시
502,2021,5,서림동주민센터,서울특별시 관악구 신림로29길 6 (신림동),Y,780,45,7,6,Y,Y,N,37.47524,126.935,서울특별시
503,2021,5,난곡동주민센터,서울특별시 관악구 난곡로30길 40 (신림동),Y,837,47,8,4,Y,Y,N,37.47104,126.9216,서울특별시
504,2021,5,신사동주민센터,서울특별시 관악구 조원로 142 (신림동),Y,196,38,5,1,Y,Y,N,37.52414,127.02267,서울특별시
505,2021,5,신림동주민센터,서울특별시 관악구 신림동길 14 (신림동),Y,1038,32,12,1,Y,Y,N,37.48755,126.92706,서울특별시
506,2021,5,삼성동주민센터,서울특별시 관악구 호암로 589 (신림동),Y,210,29,0,1,Y,Y,N,37.47016,126.93294,서울특별시
507,2021,5,난향동주민센터,서울특별시 관악구 난곡로 67 (신림동),Y,698,56,2,14,Y,Y,N,37.46165,126.91877,서울특별시
508,2021,5,조원동주민센터,서울특별시 관악구 조원로12길 25 (신림동),Y,2669,29,0,5,Y,Y,N,37.48272,126.90778,서울특별시
509,2021,5,대학동주민센터,서울특별시 관악구 신림로 111 (신림동),Y,1184,35,3,1,Y,Y,N,37.47076,126.93702,서울특별시
510,2021,5,미성동주민센터,서울특별시 관악구 난곡로 249 (신림동),Y,300,20,5,3,Y,Y,N,37.47634,126.91561,서울특별시
511,2021,5,불광1동주민센터,서울특별시 은평구 진흥로15길 10,Y,66,20,,8,,,,37.6103305,126.9319864,서울특별시
512,2021,5,갈현2동주민센터,서울특별시 은평구 연서로27길 31-6,Y,313,50,,8,,,,37.6186022,126.9157981,서울특별시
513,2021,5,대조동주민센터,서울특별시 은평구 연서로20길 24-3,Y,276,83,,8,,,,37.614167,126.9208486,서울특별시
514,2021,5,응암1동주민센터,서울특별시 은평구 백련산로 179,Y,100,30,,8,,,,37.6007832,126.9268275,서울특별시
515,2021,5,구산동주민센터,서울특별시 은평구 갈현로17길 10,Y,66,20,,8,,,,37.6117509,126.9104157,서울특별시
516,2021,5,응암3동주민센터,서울특별시 은평구 불광천길 410-17,Y,470,120,,8,,,,37.5922683,126.915622,서울특별시
517,2021,5,증산동주민센터,서울특별시 은평구 증산서길 89,Y,143,43,,8,,,,37.5843648,126.9070614,서울특별시
518,2021,5,불광2동주민센터,서울특별시 은평구 연서로41길 16,Y,66,20,,8,,,,37.6263056,126.9274352,서울특별시
519,2021,5,수색동주민센터,서울특별시 은평구 은평터널로 28,Y,66,20,,8,,,,37.5819087,126.8962399,서울특별시
520,2021,5,갈현1동주민센터,서울특별시 은평구 갈현로 301,Y,286,86,,8,,,,37.6237184,126.916731,서울특별시
521,2021,5,녹번동주민센터,서울특별시 은평구 은평로 195,Y,277,84,,8,,,,37.6026915,126.9289193,서울특별시
522,2021,5,응암2동주민센터,서울특별시 은평구 백련산로 100,Y,41,20,,8,,,,37.5944082,126.9231421,서울특별시
523,2021,5,신사2동주민센터,서울특별시 은평구 증산로15길 47,Y,236,50,,8,,,,37.59039111,126.9083562,서울특별시
524,2021,5,영등포본동 주민센터,서울특별시 영등포구 신길로61길 17,Y,1887,30,5,5,,Y,,37.514638,126.90932,서울특별시
525,2021,5,영등포동 주민센터,서울특별시 영등포구 영등포로53길 22,Y,986,30,9,8,,Y,,37.520363,126.910674,서울특별시
526,2021,5,여의동 주민센터,서울특별시 영등포구 국제금융로 124,Y,2135,30,31,10,,Y,,37.517634,126.93457,서울특별시
527,2021,5,당산1동주민센터,서울특별시 영등포구 양산로23길 15,Y,1855,30,4,12,,Y,,37.525215,126.89757,서울특별시
528,2021,5,당산2동 주민센터,서울특별시 영등포구 당산로41가길 7,Y,2993,30,4,6,,Y,,37.531015,126.897338,서울특별시
529,2021,5,도림동 주민센터,서울특별시 영등포구 도영로7길 10,Y,2246,30,2,0,,Y,,37.509459,126.89597,서울특별시
530,2021,5,문래동 주민센터,서울특별시 영등포구 문래로28길 15,Y,1001,30,7,11,,Y,,37.517087,126.899488,서울특별시
531,2021,5,양평1동 주민센터,서울특별시 영등포구 영등포로11길 12,Y,796,30,3,5,,Y,,37.523614,126.888261,서울특별시
532,2021,5,양평2동 주민센터,서울특별시 영등포구 양평로20길 8-1,Y,551,30,4,9,,Y,,37.537751,126.895926,서울특별시
533,2021,5,신길1동 주민센터,서울특별시 영등포구 영등포로84길 24-5,Y,6287,30,5,8,,Y,,37.511136,126.921417,서울특별시
534,2021,5,신길3동 주민센터,서울특별시 영등포구 신길로41라길 13-8,Y,1046,30,5,15,,Y,,37.507234,126.907709,서울특별시
535,2021,5,신길4동 주민센터,서울특별시 영등포구 신길로42길 1,Y,752,30,5,10,,Y,,37.50842,126.911266,서울특별시
536,2021,5,신길5동 주민센터,서울특별시 영등포구 도림로 264,Y,1261,30,3,10,,Y,,37.501607,126.905201,서울특별시
537,2021,5,신길6동 주민센터,서울특별시 영등포구 대방천로 169,Y,1323,30,11,1,,Y,,37.499316,126.909826,서울특별시
538,2021,5,신길7동 주민센터,서울특별시 영등포구 여의대방로43길 10,Y,2645,30,6,9,,Y,,37.506324,126.921419,서울특별시
539,2021,5,대림1동 주민센터,서울특별시 영등포구 디지털로 441,Y,1854,30,7,10,,Y,,37.495477,126.905935,서울특별시
540,2021,5,대림2동 주민센터,서울특별시 영등포구 대림로23길 25,Y,844,30,3,1,,Y,,37.492712,126.898229,서울특별시
541,2021,5,대림3동 주민센터,서울특별시 영등포구 대림로 197,Y,1137,30,7,0,,Y,,37.498278,126.898023,서울특별시
542,2021,5,역촌동주민센터,서울특별시 은평구 연서로 59,Y,66,20,,8,,,,37.6043975,126.9152382,서울특별시
543,2021,5,신사1동주민센터,서울특별시 은평구 은평로2길 2,Y,66,20,,8,,,,37.5978039,126.9117512,서울특별시
544,2021,5,진관동주민센터,서울특별시 은평구 진관2로 31,Y,189,57,,8,,,,37.648761,126.9056413,서울특별시
545,2021,5,목1동주민센터,서울특별시 양천구 목동 목동서로 192 (목동),Y,230,50,20,6,Y,Y,N,37.5331137,126.8719141,서울특별시
546,2021,5,목2동주민센터,"서울특별시 양천구 목동 목동중앙본로 120 , 목2동주민센터 (목동)",Y,600,100,20,1,Y,Y,N,37.5488915,126.872427,서울특별시
547,2021,5,목3동주민센터,"서울특별시 양천구 목동 목동중앙남로16나길 55 , 목3동주민센터 (목동)",Y,64,20,2,2,Y,Y,N,37.5474944,126.8651652,서울특별시
548,2021,5,목4동주민센터,"서울특별시 양천구 목동 목동중앙로 25 , 목4동주민센터 (목동)",Y,737,63,6,3,Y,Y,N,37.5351241,126.8690174,서울특별시
549,2021,5,목5동주민센터,서울특별시 양천구 목동서로 41,Y,310,50,12,4,Y,Y,N,37.537183,126.881723,서울특별시
550,2021,5,신월1동주민센터,서울특별시 양천구 곰달래로1길 38,Y,241,60,15,5,Y,Y,N,37.5326641,126.8313009,서울특별시
551,2021,5,신월2동주민센터,"서울특별시 양천구 신월동 중앙로53길 47 , 경로당 (신월동)",Y,544,100,17,6,Y,Y,N,37.5277227,126.8452934,서울특별시
552,2021,5,신월3동주민센터,"서울특별시 양천구 신월동 남부순환로54길 5 , 신월3동주민센터 (신월동)",Y,308,20,20,3,Y,Y,N,37.5363771,126.8298108,서울특별시
553,2021,5,신월4동주민센터,"서울특별시 양천구 신월동 오목로5길 34 , 신월4동주민센터 (신월동)",Y,888,100,10,3,Y,Y,N,37.5274672,126.8408141,서울특별시
554,2021,5,신월5동주민센터,"서울특별시 양천구 신월동 화곡로4길 10 , 신월5동주민센터 (신월동)",Y,150,50,3,2,Y,Y,N,37.5413381,126.8279002,서울특별시
555,2021,5,신월6동주민센터,"서울특별시 양천구 신월동 신남3길 6 , 신월6동주민센터 (신월동)",Y,332,50,5,1,Y,Y,N,37.5188463,126.8444113,서울특별시
556,2021,5,신월7동주민센터,"서울특별시 양천구 신월동 남부순환로70길 16-3, 신월7동주민센터 (신월동)",Y,186,60,6,1,Y,Y,N,37.5246315,126.8354323,서울특별시
557,2021,5,신정1동주민센터,"서울특별시 양천구 신정동 중앙로32길 1 , 경로당 (신정동)",Y,2184,200,15,1,Y,Y,N,37.5213035,126.8550273,서울특별시
558,2021,5,신정2동주민센터,"서울특별시 양천구 신정동 목동동로 154 , 신정2동주민센터 (신정동)",Y,60,15,3,1,Y,Y,N,37.5219595,126.8713881,서울특별시
559,2021,5,신정3동주민센터,"서울특별시 양천구 신정동 중앙로 209 , 신정3동주민센터 (신정동)",Y,1762,300,10,4,Y,Y,N,37.5178957,126.8555153,서울특별시
560,2021,5,신정4동주민센터,서울특별시 양천구 오목로34길 5,Y,325,40,4,4,Y,Y,N,37.524514,126.855721,서울특별시
561,2021,5,신정6동주민센터,"서울특별시 양천구 신정동 목동서로 353 , 신정6동주민센터 (신정동)",Y,677,50,20,6,Y,Y,N,37.5198061,126.8651118,서울특별시
562,2021,5,신정7동주민센터,"서울특별시 양천구 신정동 목동동로 37 , 신정7동주민센터 (신정동)",Y,257,30,17,3,Y,Y,N,37.517148,126.8603964,서울특별시
563,2021,5,상일2동 주민센터,서울특별시 강동구 상일로6길 51,Y,498,50,5,3,N,Y,N,37.5499692,127.1758526,서울특별시
564,2021,5,천연동주민센터,"서울특별시 서대문구 성산로 694 , 천연동주민센터 (영천동)",Y,152,10,4,1,Y,Y,N,37.5711382,126.9590166,서울특별시
565,2021,5,북아현동주민센터,"서울특별시 서대문구 북아현로 24 , 북아현동주민센터 (북아현동)",Y,160,10,7,1,Y,Y,N,37.5622047,126.9577498,서울특별시
566,2021,5,충현동주민센터,"서울특별시 서대문구 북아현로22길 38 , 충현동주민센터 (북아현동)",Y,1348,10,10,2,Y,Y,N,37.5648082,126.9547205,서울특별시
567,2021,5,신촌동주민센터,"서울특별시 서대문구 이화여대길 92-8, 신촌동주민센터 (대현동)",Y,237,30,8,1,Y,Y,N,37.5595488,126.9435053,서울특별시
568,2021,5,연희동주민센터,"서울특별시 서대문구 연희로 189 , 연희동주민센터 (연희동)",Y,80,30,4,3,Y,Y,N,37.57395035,126.9353493,서울특별시
569,2021,5,홍제1동주민센터,"서울특별시 서대문구 통일로 435-1, 홍제제1동주민센터 (홍제동)",Y,220,30,8,2,Y,Y,N,37.5904468,126.9456049,서울특별시
570,2021,5,홍제3동주민센터,서울특별시 서대문구 세검정로4길 32,Y,250,30,9,4,Y,Y,N,37.5937677,126.9496936,서울특별시
571,2021,5,홍제2동주민센터,서울특별시 서대문구 통일로34길 27,Y,220,25,11,12,Y,Y,N,37.5861056,126.9493681,서울특별시
572,2021,5,홍은1동주민센터,서울특별시 서대문구 홍은중앙로 85,Y,235,15,4,3,Y,Y,N,37.5988518,126.9471445,서울특별시
573,2021,5,홍은2동주민센터,서울특별시 서대문구 모래내로 334,Y,220,22,5,2,Y,Y,N,37.5801083,126.9341521,서울특별시
574,2021,5,남가좌1동주민센터,서울특별시 서대문구 모래내로15길 37,Y,330,50,10,6,Y,Y,N,37.5704874,126.9159051,서울특별시
575,2021,5,남가좌2동주민센터,서울특별시 서대문구 증가로10길 28,Y,230,50,10,6,Y,Y,N,37.5784334,126.9238653,서울특별시
576,2021,5,북가좌1동주민센터,"서울특별시 서대문구 수색로 100-55, 북가좌1동주민센터 (북가좌동)",Y,723,15,2,1,Y,Y,N,37.57709,126.9108728,서울특별시
577,2021,5,북가좌2동주민센터,"서울특별시 서대문구 응암로1길 10 , 북가좌제2동주민센터 (북가좌동)",Y,645,40,8,7,Y,Y,N,37.5842394,126.9119007,서울특별시
578,2021,7,강일동성당,서울특별시 강동구 고덕로 476,Y,50,20,3,1,N,N,N,37.5580966,127.1789102,서울특별시
579,2021,7,명성교회 월드글로리아센터,서울특별시 강동구 양재대로134길 52,Y,100,20,2,2,N,N,N,37.5473643,127.1464048,서울특별시
580,2021,7,구강사,서울특별시 강동구 천중로 64,Y,50,20,3,1,N,N,N,37.5448184,127.1288199,서울특별시
581,2021,7,중흥교회,서울특별시 강동구 강동대로55길 87,Y,50,20,3,1,N,N,N,37.5262602,127.1338327,서울특별시
582,2021,7,오륜교회,서울특별시 강동구 강동대로 235,Y,50,20,3,1,N,N,N,37.522682,127.132372,서울특별시
583,2021,7,성복중앙교회,서울특별시 성북구 월곡로 2,Y,50,5,2,1,N,N,N,37.5926967,127.036861,서울특별시
584,2021,7,천주교종암동교회,서울특별시 성북구 종암로 82,Y,50,5,2,1,N,N,N,37.597631,127.0354065,서울특별시
585,2021,99,아리랑시네센터,서울특별시 성북구 아리랑로 82,Y,100,10,2,2,N,N,N,37.6000022,127.0137606,서울특별시
586,2021,99,아리랑정보도서관,서울특별시 성북구 아리랑로 82,Y,2018,150,0,9,N,N,N,37.599902,127.0139874,서울특별시
587,2021,8,강동농협 강일지점,서울특별시 강동구 아리수로 427,Y,12,30,2,2,N,N,N,37.5649689,127.1746551,서울특별시
588,2021,8,우리은행 삼성엔지니어링 사옥,서울특별시 강동구 상일로6길 26,Y,217,50,5,5,N,N,N,37.5487779,127.174846,서울특별시
589,2021,8,국민은행 상일동지점,서울특별시 강동구 상일로10길 36,Y,302,50,2,4,N,N,N,37.5509562,127.1737005,서울특별시
590,2021,8,서울강동새마을금고 강일지점,서울특별시 강동구 아리수로97길 20,Y,200,30,2,2,N,N,N,37.5667989,127.1777313,서울특별시
591,2021,8,하나은행 고덕역(출)지점,"서울특별시 강동구 동남로 892 , 강동경희대병원 지하1층 (상일동)",Y,200,30,3,2,N,N,N,37.5535588,127.1574062,서울특별시
592,2021,8,서울강동새마을금고상일동 본점,서울특별시 강동구 천호대로 1461,Y,200,30,2,2,N,N,N,37.546017,127.170443,서울특별시
593,2021,8,우리은행 명일동지점,서울특별시 강동구 양재대로 1618 (명일동),Y,301,60,6,6,N,N,N,37.5498626,127.144077,서울특별시
594,2021,8,국민은행 명일동지점,서울특별시 강동구 양재대로 1661 (명일동),Y,294,50,3,5,N,N,N,37.5538559,127.1439444,서울특별시
595,2021,8,신한은행 굽은다리역지점,"서울특별시 강동구 양재대로 1580 , 사랑플러스빌딩 (명일동)",Y,0,20,3,2,N,N,N,37.5466844,127.1436047,서울특별시
596,2021,99,성북공정무역센터,서울특별시 성북구 동소문로22길 33-8,Y,50,5,2,1,N,N,N,37.5915759,127.0185387,서울특별시
597,2021,8,신한은행 명일역지점,서울특별시 강동구 구천면로 427,Y,0,30,3,2,N,N,N,37.5505051,127.1461469,서울특별시
598,2021,8,하나은행 굽은다리역지점,"서울특별시 강동구 양재대로 1566 , 흥도빌딩 (명일동)",Y,0,30,2,2,N,N,N,37.5452253,127.1431809,서울특별시
599,2021,8,하나은행 명일동지점,서울특별시 강동구 고덕로 210,Y,0,30,2,2,N,N,N,37.5521991,127.148493,서울특별시
600,2021,8,SC제일은행굽은다리역지점,서울특별시 강동구 양재대로 1576,Y,0,30,2,2,N,N,N,37.54614,127.143429,서울특별시
601,2021,8,강동농협 명일역지점,서울특별시 강동구 양재대로 1655,Y,200,30,2,2,N,N,N,37.553562,127.143875,서울특별시
602,2021,8,국민은행 고덕역지점,서울특별시 강동구 고덕로 254,Y,357,60,2,5,N,N,N,37.5546439,127.153665,서울특별시
603,2021,8,하나은행 고덕역지점,서울특별시 강동구 동남로75길 29,Y,400,30,3,2,N,N,N,37.5541561,127.1545287,서울특별시
604,2021,8,우리은행 고덕지점,"서울특별시 강동구 동남로71길 23 , 한양아파트 상가동 (명일동)",Y,33,25,2,1,N,N,N,37.5514818,127.1546771,서울특별시
605,2021,8,신한은행 명일중앙지점,서울특별시 강동구 동남로 881,Y,400,30,3,2,N,N,N,37.5522912,127.1557742,서울특별시
606,2021,8,SC제일은행명일동지점,서울특별시 강동구 동남로73길 26,Y,0,30,2,2,N,N,N,37.553298,127.154785,서울특별시
607,2021,8,농협 명일동지점,서울특별시 강동구 동남로71길 14,Y,200,30,2,2,N,N,N,37.5519077,127.1553401,서울특별시
608,2021,8,강동농협 고덕동지점,서울특별시 강동구 아리수로50길 50,Y,200,20,2,2,N,N,N,37.5576884,127.148601,서울특별시
609,2021,8,서울강동새마을금고 고덕지점,서울특별시 강동구 동남로82길 107,Y,0,30,2,2,N,N,N,37.5604591,127.1628854,서울특별시
610,2021,8,강동농협 선사지점,서울특별시 강동구 올림픽로 802 (암사동),Y,60,30,2,2,N,N,N,37.5525401,127.1286686,서울특별시
611,2021,8,강동농협 본점지점,"서울특별시 강동구 구천면로 331 , 강동농협 (암사동)",Y,258,30,2,2,N,N,N,37.5490935,127.1361722,서울특별시
612,2021,8,강동신용협동조합암사본점,서울특별시 강동구 올림픽로 796 (암사동),Y,0,30,2,2,N,N,N,37.5520753,127.1285365,서울특별시
613,2021,8,국민은행 암사역지점,서울특별시 강동구 올림픽로 767,Y,345,60,2,5,N,N,N,37.549594,127.127002,서울특별시
614,2021,8,우리은행 암사역지점,"서울특별시 강동구 올림픽로 769 , 삼정빌딩 (암사동)",Y,65,20,2,2,N,N,N,37.5499649,127.1271794,서울특별시
615,2021,8,신한은행 암사역지점,"서울특별시 강동구 올림픽로 787 , 태성프라자 (암사동)",Y,0,30,3,2,N,N,N,37.5515464,127.1277253,서울특별시
616,2021,8,우리은행 암사동지점,"서울특별시 강동구 고덕로 133 , 강동 롯데캐슬퍼스트아파트 (암사동)",Y,368,50,6,5,N,N,N,37.5552514,127.1403481,서울특별시
617,2021,8,국민은행 굽은다리역 지점,"서울특별시 강동구 양재대로 1553 , 선진빌딩 (천호동)",Y,426,70,2,6,N,N,N,37.5443617,127.1420884,서울특별시
618,2021,8,새마을금고 천호지점,서울특별시 강동구 구천면로 290,Y,200,20,2,2,N,N,N,37.5455572,127.1336808,서울특별시
619,2021,8,국민은행 천호동 지점,서울특별시 강동구 구천면로 200,Y,518,70,3,5,N,N,N,37.540006,127.12665,서울특별시
620,2021,8,강동농협 로데오지점,"서울특별시 강동구 천호대로157길 53 , 강동농협 로데오지점 (천호동)",Y,40,30,2,2,N,N,N,37.5401832,127.1275294,서울특별시
621,2021,8,농협 천호동지점,서울특별시 강동구 올림픽로 659 (천호동),Y,0,30,2,2,N,N,N,37.5403064,127.1235648,서울특별시
622,2021,8,신한은행 천호동금융센터점,서울특별시 강동구 올림픽로 674,Y,50,20,3,10,N,N,N,37.5414405,127.1248217,서울특별시
623,2021,8,동서울신용협동조합 천호지점,서울특별시 강동구 구천면로 236,Y,0,30,2,2,N,N,N,37.5413757,127.130563,서울특별시
624,2021,8,신한은행 강동역지점,"서울특별시 강동구 천호대로 1099 , 정산타워빌딩-신한은행 (천호동)",Y,0,20,3,2,N,N,N,37.535761,127.1341204,서울특별시
625,2021,8,강동농협 강동역지점,서울특별시 강동구 진황도로 39 (천호동),Y,0,30,2,2,N,N,N,37.5384308,127.1316721,서울특별시
626,2021,8,기업은행 천호동지점,서울특별시 강동구 천호대로 1033,Y,200,30,2,2,N,N,N,37.5378953,127.1269598,서울특별시
627,2021,8,KEB하나은행 강동역점,서울특별시 강동구 천호대로 1089,Y,50,20,2,10,N,N,N,37.5366104,127.1333102,서울특별시
628,2021,8,우리은행 천호동지점,서울특별시 강동구 천호대로 1016,Y,50,20,2,10,N,N,N,37.537775,127.1248159,서울특별시
629,2021,8,우리은행 둔촌역금융센터,"서울특별시 강동구 양재대로 1377 , 우리은행 둔촌역금융센터 (성내동)",Y,185,50,2,5,N,N,N,37.5292209,127.1362627,서울특별시
630,2021,8,국민은행 둔촌역지점,서울특별시 강동구 양재대로 1313 (성내동),Y,221,40,2,4,N,N,N,37.5237055,127.1342481,서울특별시
631,2021,8,신한은행 둔촌동지점,서울특별시 강동구 양재대로 1315 (성내동),Y,0,30,3,2,N,N,N,37.5238388,127.1342936,서울특별시
632,2021,8,강동농협 둔촌역지점,서울특별시 강동구 양재대로 1349,Y,0,30,2,2,N,N,N,37.5267208,127.1353622,서울특별시
633,2021,8,기업은행 둔촌동지점,서울특별시 강동구 양재대로 1317,Y,200,30,2,2,N,N,N,37.5239937,127.1343618,서울특별시
634,2021,8,KEB 하나은행 둔촌역지점,서울특별시 강동구 양재대로 1349,Y,200,30,2,2,N,N,N,37.526663,127.135336,서울특별시
635,2021,8,우리은행 길동지점,서울특별시 강동구 양재대로 1554,Y,12,5,5,2,N,N,N,37.5441518,127.142776,서울특별시
636,2021,8,우리은행 길동역지점,서울특별시 강동구 양재대로 1477,Y,287,50,2,4,N,N,N,37.5377692,127.1396817,서울특별시
637,2021,8,국민은행 길동지점,서울특별시 강동구 양재대로 1443,Y,322,60,2,5,N,N,N,37.5349306,127.138536,서울특별시
638,2021,8,신한은행 길동지점,서울특별시 강동구 양재대로 1464,Y,17,30,3,2,N,N,N,37.5365005,127.1397835,서울특별시
639,2021,8,강동농협 길일지점,서울특별시 강동구 천중로 206,Y,15,30,2,2,N,N,N,37.5407025,127.143032,서울특별시
640,2021,8,강동신용협동조합 길동지점,서울특별시 강동구 양재대로 1483,Y,0,30,2,2,N,N,N,37.538432,127.1399681,서울특별시
641,2021,8,SH수협길동사거리지점,서울특별시 강동구 천호대로 1133,Y,0,30,2,2,N,N,N,37.534626,127.137474,서울특별시
642,2021,8,서울시산림조합길동지점,서울특별시 강동구 명일로 243,Y,0,30,2,2,N,N,N,37.540397,127.146675,서울특별시
643,2021,8,기업은행 길동지점,서울특별시 강동구 천호대로 1139,Y,200,30,2,2,N,N,N,37.534532,127.138097,서울특별시
644,2021,8,농협 길동지점,서울특별시 강동구 양재대로 1458,Y,200,30,2,2,N,N,N,37.535831,127.139564,서울특별시
645,2021,8,우리은행 둔촌남지점,"서울특별시 강동구 진황도로 195 , 중앙보훈병원 정문앞 (둔촌동)",Y,49,30,2,2,N,N,N,37.5289707,127.1436386,서울특별시
646,2021,8,우리은행 둔촌동지점,"서울특별시 강동구 천호대로 1190 , 광남캐스빌아파트101동 (둔촌동)",Y,45,30,2,2,N,N,N,37.5341245,127.1435715,서울특별시
647,2021,8,국민은행 둔촌남지점,서울특별시 강동구 천호대로 1210,Y,50,40,0,2,N,N,N,37.5348999,127.1456371,서울특별시
648,2021,8,우리은행강동구청지점,"서울특별시 강동구 성내로 25 , 강동구청 (성내동)",Y,35,25,2,1,N,N,N,37.5301609,127.1237924,서울특별시
649,2021,8,국민은행 강동구청역지점,서울특별시 강동구 성내로 12,Y,359,60,2,5,N,N,N,37.5301485,127.1218601,서울특별시
650,2021,8,기업은행 강동구청역 지점,서울특별시 강동구 성내로6길 11 (성내동),Y,0,30,2,2,N,N,N,37.5290548,127.1234241,서울특별시
651,2021,8,농협 서울영업본부점,서울특별시 강동구 올림픽로 528,Y,200,30,2,2,N,N,N,37.5289822,127.1204327,서울특별시
652,2021,8,국민은행 천호역지점,서울특별시 강동구 천호대로 1032,Y,116,50,3,2,N,N,N,37.5373037,127.126511,서울특별시
653,2021,8,강동농협 성내지점,"서울특별시 강동구 풍성로37길 44 , 공빌딩 (성내동)",Y,1578,30,2,2,N,N,N,37.5337582,127.126731,서울특별시
654,2021,8,SC제일은행강동역지점,서울특별시 강동구 천호대로 1102,Y,0,30,2,2,N,N,N,37.5347849,127.1336797,서울특별시
655,2021,8,서울강동새마을금고 성내지점,서울특별시 강동구 풍성로 161,Y,200,20,2,2,N,N,N,37.5307813,127.1299843,서울특별시
656,2021,8,신한은행 정릉지점,서울특별시 성북구 보국문로 37,Y,50,5,2,1,N,N,N,37.6079277,127.0099078,서울특별시
657,2021,8,새마을금고 한양(본점),서울특별시 성북구 보국문로 8,Y,50,5,2,1,N,N,N,37.6054035,127.0116365,서울특별시
658,2021,8,KB국민은행 정릉동지점,서울특별시 성북구 보국문로 50,Y,50,5,2,1,N,N,N,37.6088605,127.0100181,서울특별시
659,2021,8,새마을금고 길음중앙(본점),서울특별시 성북구 길음로 74,Y,50,5,2,1,N,N,N,37.6092983,127.0203804,서울특별시
660,2021,8,새마을금고 성북제일(본점),서울특별시 성북구 길음로 20,Y,50,5,2,1,N,N,N,37.6046906,127.023038,서울특별시
661,2021,8,서울종암동우체국,서울특별시 성북구 종암로 64,Y,50,5,2,1,N,N,N,37.5960997,127.0358231,서울특별시
662,2021,8,KB국민은행 종암센터,서울특별시 성북구 종암로 44,Y,50,5,2,1,N,N,N,37.5942847,127.0362784,서울특별시
663,2021,8,근해안강망수협 종암동지점,서울특별시 성북구 종암로19길 13,Y,5,5,2,1,N,N,N,37.5982224,127.0340788,서울특별시
664,2021,8,IBK기업은행 종암동지점,서울특별시 성북구 종암로 108,Y,50,5,2,1,N,N,N,37.599806,127.0344323,서울특별시
665,2021,8,새마을금고 새종암(제1지점),서울특별시 성북구 종암로 122,Y,50,5,2,1,N,N,N,37.6011878,127.0338594,서울특별시
666,2021,8,한국양봉농협 종암중앙지점,서울특별시 성북구 종암로 90,Y,50,5,2,1,N,N,N,37.5986603,127.0355001,서울특별시
667,2021,8,서울경기양돈농협 종암동지점,서울특별시 성북구 정릉로52길 5,Y,50,5,2,1,N,N,N,37.6038313,127.0302494,서울특별시
668,2021,8,새마을금고 종암(본점),서울특별시 성북구 종암로21길 25,Y,50,5,2,1,N,N,N,37.5997458,127.0335965,서울특별시
669,2021,8,새마을금고 새종암(본점),서울특별시 성북구 종암로 98-7,Y,50,5,2,1,N,N,N,37.5991301,127.0349666,서울특별시
670,2021,8,새서울신용협동조합(지점),서울특별시 성북구 오패산로 98,Y,50,7,2,1,N,N,N,37.6108845,127.0356513,서울특별시
671,2021,8,새마을금고 월곡(본점),서울특별시 성북구 화랑로11길 36,Y,50,5,2,1,N,N,N,37.6037416,127.0424039,서울특별시
672,2021,8,국민은행 월곡역지점,서울특별시 성북구 화랑로 91,Y,50,5,2,1,N,N,N,37.6029433,127.0420953,서울특별시
673,2021,8,새서울신용협동조합(본점),서울특별시 성북구 화랑로 95,Y,50,5,2,1,N,N,N,37.6033067,127.0424937,서울특별시
674,2021,8,장위신용협동조합,서울특별시 성북구 장위로 60,Y,50,5,2,1,N,N,N,37.6137844,127.043213,서울특별시
675,2021,8,새마을금고 장위1동(본점),서울특별시 성북구 장월로 119,Y,50,5,2,1,N,N,N,37.6164329,127.0488115,서울특별시
676,2021,8,새마을금고 장위1동(장위로지점),서울특별시 성북구 장위로 131,Y,50,5,2,1,N,N,N,37.6137191,127.0511942,서울특별시
677,2021,8,새마을금고 장위3동(본점),서울특별시 성북구 장위로 179-1,Y,50,5,2,1,N,N,N,37.6161377,127.0553994,서울특별시
678,2021,8,SC제일은행 석관동지점,서울특별시 성북구 돌곶이로 48,Y,50,5,2,1,N,N,N,37.6084552,127.0597678,서울특별시
679,2021,8,새마을금고 석관동(본점),서울특별시 성북구 돌곶이로 39,Y,50,5,2,1,N,N,N,37.6076035,127.0600629,서울특별시
680,2021,8,강북신용협동조합,서울특별시 성북구 돌곶이로 59,Y,50,5,2,1,N,N,N,37.6089416,127.0587156,서울특별시
681,2021,8,하나은행 성북동지점,서울특별시 성북구 성북로 122,Y,50,5,2,1,N,N,N,37.593994,126.9961154,서울특별시
682,2021,8,새마을금고 성북(본점),서울특별시 성북구 성북로 102-11,Y,50,5,2,1,N,N,N,37.5942791,126.9977426,서울특별시
683,2021,8,새마을금고 동소문(본점),서울특별시 성북구 보문로30나길 8-11,Y,50,5,3,1,N,N,N,37.5898325,127.0209927,서울특별시
684,2021,8,우리은행 동소문로지점,서울특별시 성북구 동소문로26라길 28,Y,50,5,2,1,N,N,N,37.5950977,127.0210269,서울특별시
685,2021,8,새마을금고 삼선(제1지점),서울특별시 성북구 삼선교로 40-1,Y,50,5,2,1,N,N,N,37.5881539,127.0101993,서울특별시
686,2021,8,새마을금고 삼선(삼선지점),서울특별시 성북구 보문로29길 101,Y,50,5,2,1,N,N,N,37.5857457,127.0133483,서울특별시
687,2021,8,새마을금고 삼선(제2지점),서울특별시 성북구 보문로38길 11,Y,50,5,2,1,N,N,N,37.5915422,127.0141637,서울특별시
688,2021,8,새마을금고 삼선(제5지점),서울특별시 성북구 동소문로 120,Y,50,5,2,1,N,N,N,37.5934911,127.0184119,서울특별시
689,2021,8,국민은행 돈암동지점,서울특별시 성북구 동소문로 114,Y,50,5,2,1,N,N,N,37.5930247,127.0176486,서울특별시
690,2021,8,새마을금고 삼선(본점),서울특별시 성북구 아리랑로 16,Y,50,5,2,1,N,N,N,37.5942534,127.0164414,서울특별시
691,2021,8,새마을금고 안암(본점),서울특별시 성북구 고려대로 23-1,Y,50,5,,1,N,N,N,37.5863668,127.0218018,서울특별시
692,2021,8,새마을금고 안암(제1지점),서울특별시 성북구 안암로 27,Y,50,5,,1,N,N,N,37.5802356,127.0253923,서울특별시
693,2021,8,새마을금고 삼선(제3지점),서울특별시 성북구 지봉로 179-1,Y,50,5,2,1,N,N,N,37.5852604,127.0186495,서울특별시
694,2021,8,새마을금고 삼선(제4지점),서울특별시 성북구 보문로13길 20,Y,50,5,2,1,N,N,N,37.5800881,127.0209465,서울특별시
695,2021,8,정릉 새마을금고,서울특별시 성북구 정릉로 302,Y,105,10,0,2,N,N,N,37.6028061,127.0168226,서울특별시
696,2021,8,성북신협,서울특별시 성북구 정릉로36길 3,Y,100,10,,2,N,N,N,37.6022002,127.0185962,서울특별시
697,2021,99,석관지구대,서울특별시 성북구 화랑로32가길 20,Y,50,5,2,1,N,N,N,37.6089607,127.0552463,서울특별시
698,2021,99,석관치안센터,서울특별시 성북구 한천로76길 11,Y,50,5,2,1,N,N,N,37.6112771,127.0633174,서울특별시
699,2021,99,장위119안전센터,서울특별시 성북구 한천로 640,Y,50,5,2,1,N,N,N,37.6156026,127.0581614,서울특별시
700,2021,8,우리은행구로본동지점,서울특별시 구로구 가마산로 203,Y,200,20,0,8,N,N,N,37.493404,126.8837451,서울특별시
701,2021,8,영등포농협(신도림지점),서울특별시 구로구 경인로 619-3,Y,221,100,0,1,N,N,N,37.5066504,126.8841144,서울특별시
702,2021,8,구로2동 새마을금고,서울특별시 구로구 구로동로28길 17,Y,75,20,0,4,N,N,N,37.490902,126.885087,서울특별시
703,2021,8,구로3동 새마을금고,서울특별시 구로구 도림로 36,Y,43,10,1,2,N,N,N,37.4872692,126.888616,서울특별시
704,2021,8,동구로새마을금고,서울특별시 구로구 구로중앙로 26,Y,33,20,0,2,N,N,N,37.4923805,126.8914611,서울특별시
705,2021,8,구로5동새마을금고,서울특별시 구로구 구로중앙로32가길 22,Y,60,10,0,1,N,N,N,37.5001124,126.885051,서울특별시
706,2021,8,신도림동새마을금고,서울특별시 구로구 신도림로13길 3,Y,159,80,0,1,N,N,N,37.5083572,126.8803328,서울특별시
707,2021,8,영등포농협구일지점,서울특별시 구로구 구일로10길 27,Y,130,20,0,1,N,N,N,37.495827,126.872241,서울특별시
708,2021,8,가리봉새마을금고,서울특별시 구로구 남부순환로105길 224,Y,125,10,3,2,N,N,N,37.4848984,126.8828664,서울특별시
709,2021,8,고척1동새마을금고회관(양지지점),서울특별시 구로구 경서로 47,Y,50,10,0,1,N,N,N,37.5014392,126.8585012,서울특별시
710,2021,8,고척1동새마을금고,서울특별시 구로구 경인로47길 102,Y,50,30,0,1,N,N,N,37.5032305,126.8640248,서울특별시
711,2021,8,고척2동새마을금고1,서울특별시 구로구 고척로 229,Y,180,50,0,2,N,N,N,37.5062366,126.8584372,서울특별시
712,2021,8,고척2동새마을금고2,서울특별시 구로구 경인로33길 88,Y,85,30,0,2,N,N,N,37.5017121,126.8506855,서울특별시
713,2021,8,오류동하나은행,서울특별시 구로구 경인로 218,Y,50,20,0,2,N,N,N,37.496205,126.845146,서울특별시
714,2021,8,오류동신협,서울특별시 구로구 경인로25길 12,Y,30,12,0,2,N,N,N,37.4969909,126.8444305,서울특별시
715,2021,8,오류1동 새마을금고,서울특별시 구로구 경인로 205,Y,88,15,0,4,N,N,N,37.49617,126.8436855,서울특별시
716,2021,8,오류동신한은행,서울특별시 구로구 경인로 212,Y,50,20,0,2,N,N,N,37.4960231,126.8445155,서울특별시
717,2021,8,오류동경서농협,서울특별시 구로구 고척로6길 66,Y,60,25,0,2,N,N,N,37.495968,126.8422897,서울특별시
718,2021,8,오류2동새마을금고,서울특별시 구로구 오류로8길 6,Y,204,20,0,1,N,N,N,37.4907466,126.8409229,서울특별시
719,2021,8,경서농협천왕역지점,서울특별시 구로구 오류로 54-3,Y,100,10,0,1,N,N,N,37.489763,126.8402246,서울특별시
720,2021,8,우리은행 오류동,서울특별시 구로구 오류로8길 57,Y,250,20,0,1,N,N,N,37.492361,126.8433846,서울특별시
721,2021,8,새마을금고 금강지점,서울특별시 구로구 오리로 1197,Y,60,10,0,1,N,N,N,37.4882212,126.8323456,서울특별시
722,2021,8,새마을금고 응골지점,서울특별시 구로구 오류로8길 90,Y,181,20,0,1,N,N,N,37.4929769,126.8450001,서울특별시
723,2021,8,새마을금고개봉1동지점,서울특별시 구로구 고척로19길 30,Y,75,5,0,2,N,N,N,37.5025751,126.8450846,서울특별시
724,2021,8,신한은행개봉지점,서울특별시 구로구 경인로 323,Y,150,20,0,1,N,N,N,37.4976105,126.8561529,서울특별시
725,2021,8,수궁동새마을금고온수연립지점,서울특별시 구로구 부일로9길 87,Y,50,15,0,2,N,N,N,37.4951427,126.834232,서울특별시
726,2021,8,수궁동 새마을금고,서울특별시 구로구 부일로15길 10,Y,45,20,0,1,N,N,N,37.4936983,126.8342325,서울특별시
727,2021,8,온수동새마을금고,서울특별시 구로구 부일로15길 10,Y,30,10,0,1,N,N,N,37.4937774,126.8342651,서울특별시
728,2021,8,기업은행 강일동지점,서울특별시 강동구 아리수로93길 9,Y,200,50,2,2,N,N,N,37.5652538,127.1742537,서울특별시
729,2021,99,스마트그늘막(남영동-6),서울특별시 용산구 청파로 378,Y,10,2,,,,,,37.5537145,126.9691789,서울특별시
730,2021,99,스마트그늘막(한강로동-3),서울특별시 용산구 한강대로 187,Y,16,4,,,,,,37.5355764,126.9735064,서울특별시
731,2021,99,스마트그늘막(한남동-2),서울특별시 용산구 이태원로 221,Y,16,4,,,,,,37.5351564,126.9983774,서울특별시
732,2021,99,마천청소년수련관,"서울특별시 송파구 마천동 성내천로 319 , 마천청소년수련관 (마천동)",Y,150,40,20,10,,,,37.4923338,127.1566447,서울특별시
733,2021,99,송파글마루도서관,서울특별시 송파구 충민로 120,Y,3000,330,0,1,,,,37.4807462,127.1305393,서울특별시
734,2021,99,송파어린이도서관,서울특별시 송파구 올림픽로 105,Y,1273,300,0,1,,,,37.512082,127.082432,서울특별시
735,2021,99,송파구청,서울특별시 송파구 신천동 올림픽로 326 (신천동),Y,26318,30,1,1,Y,,,37.5145241,127.1059388,서울특별시
736,2021,99,(사)대한노인회 용산구지회,서울특별시 용산구 임정로 54,Y,26,20,1,1,N,N,N,37.5444971,126.9581045,서울특별시
737,2021,99,강동아트센터,서울특별시 강동구 동남로 870,Y,93,20,0,1,N,Y,N,37.5513171,127.1571187,서울특별시
738,2021,99,이마트 명일점,서울특별시 강동구 고덕로 276,Y,0,30,0,10,N,Y,N,37.5547061,127.1556118,서울특별시
739,2021,99,고덕대우아파트 관리사무소,서울특별시 강동구 양재대로 1716,Y,20,5,1,1,N,N,N,37.558899,127.144756,서울특별시
740,2021,99,온조대왕문화체육관,서울특별시 강동구 고덕로 285,Y,1542,30,0,3,N,Y,N,37.5566598,127.1574629,서울특별시
741,2021,99,암사도서관,서울특별시 강동구 고덕로20길 42,Y,100,20,20,10,N,N,N,37.5527893,127.1333159,서울특별시
742,2021,99,홈플러스 천호점,서울특별시 강동구 양재대로 1571,Y,0,30,0,20,N,N,N,37.545713,127.142254,서울특별시
743,2021,99,강동구민회관,서울특별시 강동구 상암로 168,Y,100,20,5,2,Y,Y,N,37.5457347,127.1410931,서울특별시
744,2021,99,해공체육문화센터,서울특별시 강동구 천중로18길 61,Y,969,100,0,4,Y,Y,N,37.5420879,127.129704,서울특별시
745,2021,99,현대백화점 천호점,서울특별시 강동구 천호대로 1005,Y,0,30,0,1,N,N,N,37.5389756,127.1244406,서울특별시
746,2021,99,이마트 천호점,서울특별시 강동구 천호대로 1017,Y,0,30,0,10,N,Y,N,37.5387298,127.1251463,서울특별시
747,2021,99,해공도서관,서울특별시 강동구 올림픽로 702,Y,100,20,10,10,N,Y,N,37.543837,127.125549,서울특별시
748,2021,99,천호도서관,서울특별시 강동구 성안로31마길 1,Y,100,20,20,10,N,N,N,37.540522,127.1340837,서울특별시
749,2021,99,강동성심병원,서울특별시 강동구 성안로 150,Y,100,20,3,2,N,N,N,37.5361,127.1353505,서울특별시
750,2021,99,중앙보훈병원,서울특별시 강동구 진황도로61길 53,Y,50,20,3,1,N,N,N,37.528778,127.1476066,서울특별시
751,2021,99,인애가한방병원,서울특별시 강동구 성내로6길 15,Y,50,20,3,2,N,N,N,37.5288283,127.1229744,서울특별시
752,2021,99,용두문화복지센터,서울특별시 동대문구 고산자로28길 13,Y,94,30,0,7,Y,,,37.5753771,127.0392563,서울특별시
753,2021,99,용두어린이영어도서관,서울특별시 동대문구 무학로 133,Y,231,6,2,3,,Y,,37.5761487,127.0303483,서울특별시
754,2021,99,서울한방진흥센터,서울특별시 동대문구 약령중앙로 26,Y,100,10,3,2,,Y,,37.5806997,127.0375231,서울특별시
755,2021,99,대한노인회 동대문구지회,서울특별시 동대문구 사가정로 98,Y,316,95,2,2,N,N,N,37.576534,127.056307,서울특별시
756,2021,99,배봉산 숲속도서관,서울특별시 동대문구 전농로16길 97,Y,331,30,0,4,,Y,,37.5804642,127.0642713,서울특별시
757,2021,99,동대문구 답십리도서관,서울특별시 동대문구 서울시립대로4길 75,Y,57,3,0,1,,Y,,37.5732663,127.050449,서울특별시
758,2021,99,동대문구체육관,서울특별시 동대문구 답십리로 210-3,Y,5743,15,1,1,,Y,,37.5723268,127.0641916,서울특별시
759,2021,99,동대문구민체육센터,서울특별시 동대문구 장안벚꽃로 67,Y,5157,20,0,2,,Y,,37.5674131,127.0737251,서울특별시
760,2021,99,장안어린이도서관,서울특별시 동대문구 장한로26다길 10,Y,180,20,1,2,,Y,,37.5712352,127.0732477,서울특별시
761,2021,99,동대문구 정보화도서관,서울특별시 동대문구 회기로10길 60,Y,17,7,0,1,,Y,,37.5899373,127.0469054,서울특별시
762,2021,99,휘경어린이,서울특별시 동대문구 망우로18가길 38,Y,204,5,0,4,,Y,,37.5886769,127.0606413,서울특별시
763,2021,99,이문어린이도서관,서울특별시 동대문구 천장산로9길 68,Y,59,2,0,2,,Y,,37.5986279,127.0536937,서울특별시
764,2021,99,이문체육문화센터,서울특별시 동대문구 한천로58길 81-49,Y,3294,20,0,7,,Y,,37.6027756,127.0688883,서울특별시
765,2021,99,정릉2동 파출소,서울특별시 성북구 정릉로26길 6,Y,50,5,2,1,N,N,N,37.604571,127.0107377,서울특별시
766,2021,99,길음2치안센터,서울특별시 성북구 삼양로2길 70,Y,50,5,2,1,N,N,N,37.606682,127.0273211,서울특별시
767,2021,99,성북정보도서관,서울특별시 성북구 화랑로18자길 13,Y,6667,250,5,29,N,N,N,37.6049353,127.0505729,서울특별시
768,2021,99,시립성북청소년센터,서울특별시 성북구 한천로95길 7,Y,100,10,2,1,N,N,N,37.6175187,127.055802,서울특별시
769,2021,99,구로1동우체국,서울특별시 구로구 구일로 64,Y,165,50,5,1,N,N,N,37.491902,126.8741132,서울특별시
770,2021,99,서초구청 1층,서울특별시 서초구 남부순환로 2584,Y,35,8,0,1,,,,37.492005,127.024926,서울특별시
771,2021,99,역마을 어린이공원,서울특별시 은평구 진흥로1길 9,Y,4,4,,,,,,37.6011097,126.9183763,서울특별시
772,2021,99,서갈현어린이공원,서울특별시 은평구 갈현로35길 12-8,Y,4,4,,,,,,37.6215596,126.915761,서울특별시
773,2021,99,박석어린이공원,서울특별시 은평구 통일로89길 18-14,Y,4,4,,,,,,37.6251106,126.9186012,서울특별시
774,2021,99,스마트그늘막(이태원1동-6),서울특별시 용산구 이태원로15길 1,Y,16,4,,,,,,37.5343617,126.9904283,서울특별시
775,2021,99,스마트그늘막(남영동-7),서울특별시 용산구 한강대로 298,Y,16,4,,,,,,37.5450065,126.9723088,서울특별시
776,2021,99,강북구청,서울특별시 강북구 도봉로89길 13,Y,200,30,0,3,N,N,N,37.639513,127.0254585,서울특별시
777,2021,99,스마트그늘막(이태원1동-1),서울특별시 용산구 이태원로 134,Y,16,4,,,,,,37.5339357,126.9886375,서울특별시
778,2021,99,스마트그늘막(한강로동-5),서울특별시 용산구 이태원로 3,Y,16,4,,,,,,37.5355573,126.9746248,서울특별시
779,2021,99,스마트그늘막(이태원1동-2),서울특별시 용산구 이태원로 134,Y,16,4,,,,,,37.5338958,126.9882744,서울특별시
780,2021,99,좌월어린이공원,서울특별시 은평구 갈현로25길 11-8,Y,4,4,,,,,,37.6173019,126.9133227,서울특별시
781,2021,99,새록어린이공원,서울특별시 은평구 은평로13길 35,Y,4,4,,,,,,37.6040073,126.9236842,서울특별시
782,2021,99,스마트그늘막(이촌1동-2),서울특별시 용산구 한강대로 26,Y,16,4,,,,,,37.5225289,126.9621669,서울특별시
783,2021,99,중곡1동주민센터 앞 테크,서울특별시 광진구 긴고랑로12길 49,Y,800,10,,,,,,37.5605558,127.0799915,서울특별시
784,2021,99,분토골어린이공원,서울특별시 은평구 증산로11길 5,Y,4,4,,,,,,37.5867379,126.9117251,서울특별시
785,2021,99,대조어린이공원,서울특별시 은평구 연서로22길 9-30,Y,12,12,,,,,,37.6154143,126.9199866,서울특별시
786,2021,99,시루뫼어린이공원,서울특별시 은평구 증산로5길 13,Y,8,8,,,,,,37.5829264,126.906468,서울특별시
787,2021,99,새락골어린이공원,서울특별시 은평구 은평로3가길 34,Y,4,4,,,,,,37.5989763,126.9111819,서울특별시
788,2021,99,양천구청 민원실(1층),서울특별시 양천구 목동동로 105,Y,0,15,2,2,N,N,N,37.5331137,126.8719141,서울특별시
789,2021,99,스마트그늘막(한강로동-10),서울특별시 용산구 한강대로 95,Y,16,4,,,,,,37.5288941,126.9660478,서울특별시
790,2021,99,스마트그늘막(원효로1동-3),서울특별시 용산구 백범로 341,Y,10,2,,,,,,37.5380646,126.9667424,서울특별시
791,2021,99,스마트그늘막(원효로1동-4),서울특별시 용산구 백범로 332,Y,16,4,,,,,,37.5379626,126.9658232,서울특별시
792,2021,99,시립은평노인종합복지관 그늘쉼터,서울특별시 은평구 연서로 415,Y,100,20,,,,,,37.6318615,126.930685,서울특별시
793,2021,99,노원문화예술회관 옆 야외무더위쉼터,서울특별시 노원구 중계로 181,Y,10,10,,,,,,37.6503575,127.0802981,서울특별시
794,2021,99,경춘선 힐링쉼터,서울특별시 노원구 공릉로51길 20,Y,10,5,,,,,,37.6281756,127.0758964,서울특별시
795,2021,99,노원구청 임시선별검사소 옆 야외무더위쉼터,서울특별시 노원구 노해로 437,Y,10,10,,,,,,37.6540001,127.0573371,서울특별시
796,2021,99,봉산도시자연공원,서울특별시 은평구 가좌로11가길 지하38-11,Y,200,30,,,,,,37.5974924,126.9039128,서울특별시
797,2021,99,노원구민회관 옆 야외무더위쉼터,서울특별시 노원구 동일로 1229,Y,10,10,,,,,,37.6389822,127.0666007,서울특별시
798,2021,99,스마트그늘막(남영동-3),서울특별시 용산구 한강대로 298,Y,16,4,,,,,,37.5452822,126.9722681,서울특별시
799,2021,99,스마트그늘막(한남동-3),서울특별시 용산구 한남대로 45,Y,16,4,,,,,,37.5330974,127.0074088,서울특별시
800,2021,99,연서어린이공원,서울특별시 은평구 연서로6길 8-1,Y,200,20,,,,,,37.6040422,126.9168177,서울특별시
801,2021,99,응암2구역 어린이공원,서울특별시 은평구 은평로18길 14-4,Y,300,100,,,,,,37.5999794,126.9308175,서울특별시
802,2021,99,동대문구청,서울특별시 동대문구 천호대로 145,Y,100,10,1,1,,,,37.574431,127.0395829,서울특별시
803,2021,99,스마트그늘막(한남동-16),서울특별시 용산구 한남대로 48,Y,16,4,,,,,,37.5333985,127.0079796,서울특별시
804,2021,99,목3동 커뮤니티공간 이음,서울특별시 양천구 목동중앙남로16나길 55,Y,61,20,3,1,N,N,N,37.515377,126.85951,서울특별시
805,2021,12,도깨비 공원 야외 무더위쉼터,서울특별시 도봉구 방학로10길 51,Y,50,30,,,,,,37.664811,127.0338246,서울특별시
806,2021,12,동자공원,서울특별시 광진구 자양번영로3길 16,Y,986,15,,,,,,37.5319904,127.0743467,서울특별시
807,2021,11,자마장공원,서울특별시 광진구 자양로13길 41,Y,999,15,,,,,,37.5343204,127.0821789,서울특별시
808,2021,11,금모래공원,서울특별시 광진구 뚝섬로56길 28,Y,1022,15,,,,,,37.5301805,127.0823978,서울특별시
809,2021,12,거여공원,서울특별시 송파구 오금로51길 20,Y,16185,30,,,,,,37.4967287,127.1417151,서울특별시
810,2021,12,마천공원,서울특별시 송파구 성내천로23길 12,Y,10962,30,,,,,,37.5016232,127.1458915,서울특별시
811,2021,12,백토공원,서울특별시 송파구 양재대로72길 47-8,Y,10024,20,,,,,,37.5082799,127.1326937,서울특별시
812,2021,12,목련공원,서울특별시 송파구 동남로24길 25,Y,8127,20,,,,,,37.4989602,127.1393321,서울특별시
813,2021,12,누에머리공원,서울특별시 송파구 동남로30길 29,Y,18607,20,,,,,,37.5029538,127.1426349,서울특별시
814,2021,12,송파공원,서울특별시 송파구 송파대로42길 29,Y,6621,20,,,,,,37.5062519,127.1098321,서울특별시
815,2021,12,건너말공원,서울특별시 송파구 중대로10길 29,Y,11327,30,,,,,,37.4917173,127.1239731,서울특별시
816,2021,12,잠실공원,서울특별시 송파구 백제고분로15길 7,Y,6513,20,,,,,,37.5060303,127.0838785,서울특별시
817,2021,12,군자공원,서울특별시 광진구 동일로52길 27,Y,642,15,,,,,,37.5543691,127.0728012,서울특별시
818,2021,12,효창공원 야외무더위쉼터,서울특별시 용산구 효창원로 177-18,Y,300,46,,,,,,37.5445889,126.9621645,서울특별시
819,2021,11,중곡3동마을공원,서울특별시 광진구 용마산로33길 25,Y,972,10,,,,,,37.5700065,127.0846076,서울특별시
820,2021,11,평강공원,서울특별시 광진구 광장로1가길 31,Y,325,10,,,,,,37.5480545,127.1006985,서울특별시
821,2021,12,신계역사공원 야외무더위쉼터,서울특별시 용산구 청파로 139-25,Y,40,8,,,,,,37.5356289,126.9661377,서울특별시
822,2021,13,중랑천 쉼터2,서울특별시 노원구 마들로 86,Y,10,5,,,,,,37.6233921,127.0685037,서울특별시
823,2021,14,우이천 쉼터,서울특별시 노원구 우이천로 66,Y,10,5,,,,,,37.6286369,127.045839,서울특별시
824,2021,11,영축산 순환산책로2,서울특별시 노원구 월계로42길 97,Y,10,5,,,,,,37.6228173,127.0539249,서울특별시
825,2021,14,경춘선 인공폭포,서울특별시 노원구 공릉로 126,Y,10,5,,,,,,37.6209912,127.0788877,서울특별시
826,2021,11,창5동 정자,서울특별시 도봉구 해등로16나길 8,Y,45,15,,,,,,37.656015,127.0435669,서울특별시
827,2021,12,탑골공원 야외 무더위쉼터,서울특별시 종로구 종로 99,Y,5720,200,,,,,,37.5707104,126.9886097,서울특별시
828,2021,15,중랑천쉼터3,서울특별시 노원구 동일로198가길 149,Y,10,5,,,,,,37.6303472,127.065068,서울특별시
829,2021,11,창3동 주민센터 옆 정자,서울특별시 도봉구 덕릉로62길 89,Y,50,10,,,,,,37.6377676,127.0428401,서울특별시
830,2021,14,영축산 순환산책로,서울특별시 노원구 광운로19가길 49,Y,10,5,,,,,,37.6249111,127.059905,서울특별시
